invoice_id,account_id,invoice_date,amount,currency
INV000001,ACCT0216,2025-11-06,395.8333333333333,USD
INV000002,ACCT0170,2025-08-25,83.33333333333333,USD
INV000003,ACCT0001,2024-03-28,875.0000000000001,USD
INV000004,ACCT0151,2025-09-12,2083.3333333333335,USD
INV000005,ACCT0060,2025-05-13,416.6666666666667,USD
INV000006,ACCT0064,2024-01-09,83.33333333333333,USD
INV000007,ACCT0258,2025-04-23,87.5,USD
INV000008,ACCT0151,2025-08-17,2083.3333333333335,USD
INV000009,ACCT0050,2025-09-14,83.33333333333333,USD
INV000010,ACCT0092,2025-05-15,2187.5000000000005,USD
INV000011,ACCT0212,2024-01-21,875.0000000000001,USD
INV000012,ACCT0150,2025-06-15,2083.3333333333335,USD
INV000013,ACCT0148,2025-02-03,416.6666666666667,USD
INV000014,ACCT0113,2025-10-14,833.3333333333334,USD
INV000015,ACCT0135,2024-12-26,79.16666666666666,USD
INV000016,ACCT0166,2024-05-29,83.33333333333333,USD
INV000017,ACCT0061,2025-05-13,833.3333333333334,USD
INV000018,ACCT0079,2025-05-10,87.5,USD
INV000019,ACCT0060,2024-09-02,437.50000000000006,USD
INV000020,ACCT0121,2024-02-17,2083.3333333333335,USD
INV000021,ACCT0228,2025-03-11,791.6666666666666,USD
INV000022,ACCT0240,2024-03-29,2083.3333333333335,USD
INV000023,ACCT0079,2024-05-09,83.33333333333333,USD
INV000024,ACCT0042,2025-06-05,416.6666666666667,USD
INV000025,ACCT0215,2023-12-19,416.6666666666667,USD
INV000026,ACCT0106,2025-01-08,416.6666666666667,USD
INV000027,ACCT0030,2024-11-15,791.6666666666666,USD
INV000028,ACCT0141,2025-04-09,875.0000000000001,USD
INV000029,ACCT0046,2024-06-23,2187.5000000000005,USD
INV000030,ACCT0089,2024-09-13,875.0000000000001,USD
INV000031,ACCT0117,2025-08-14,2083.3333333333335,USD
INV000032,ACCT0023,2024-01-27,416.6666666666667,USD
INV000033,ACCT0130,2024-12-21,83.33333333333333,USD
INV000034,ACCT0282,2024-04-06,83.33333333333333,USD
INV000035,ACCT0144,2024-05-06,395.8333333333333,USD
INV000036,ACCT0135,2024-08-03,83.33333333333333,USD
INV000037,ACCT0112,2024-11-17,2187.5000000000005,USD
INV000038,ACCT0274,2024-08-10,83.33333333333333,USD
INV000039,ACCT0203,2024-06-30,416.6666666666667,USD
INV000040,ACCT0214,2025-08-12,1979.1666666666667,USD
INV000041,ACCT0064,2023-12-27,79.16666666666666,USD
INV000042,ACCT0239,2025-06-20,875.0000000000001,USD
INV000043,ACCT0189,2024-02-29,791.6666666666666,USD
INV000044,ACCT0136,2023-12-17,79.16666666666666,USD
INV000045,ACCT0075,2024-09-22,2083.3333333333335,USD
INV000046,ACCT0123,2024-06-08,416.6666666666667,USD
INV000047,ACCT0175,2024-03-29,2083.3333333333335,USD
INV000048,ACCT0204,2025-08-07,416.6666666666667,USD
INV000049,ACCT0278,2024-01-24,87.5,USD
INV000050,ACCT0115,2025-07-12,2083.3333333333335,USD
INV000051,ACCT0206,2024-02-22,2083.3333333333335,USD
INV000052,ACCT0137,2025-08-19,2083.3333333333335,USD
INV000053,ACCT0243,2025-08-13,2187.5000000000005,USD
INV000054,ACCT0273,2024-01-26,875.0000000000001,USD
INV000055,ACCT0083,2024-06-14,83.33333333333333,USD
INV000056,ACCT0264,2025-02-22,83.33333333333333,USD
INV000057,ACCT0276,2024-10-25,2083.3333333333335,USD
INV000058,ACCT0246,2024-07-22,79.16666666666666,USD
INV000059,ACCT0225,2024-01-04,833.3333333333334,USD
INV000060,ACCT0161,2025-08-27,395.8333333333333,USD
INV000061,ACCT0133,2025-07-12,87.5,USD
INV000062,ACCT0104,2024-12-29,83.33333333333333,USD
INV000063,ACCT0283,2024-10-14,875.0000000000001,USD
INV000064,ACCT0187,2024-09-17,437.50000000000006,USD
INV000065,ACCT0114,2024-12-11,83.33333333333333,USD
INV000066,ACCT0229,2025-03-02,79.16666666666666,USD
INV000067,ACCT0031,2025-06-30,833.3333333333334,USD
INV000068,ACCT0038,2024-12-01,79.16666666666666,USD
INV000069,ACCT0225,2025-07-11,875.0000000000001,USD
INV000070,ACCT0245,2024-05-13,395.8333333333333,USD
INV000071,ACCT0165,2025-03-27,833.3333333333334,USD
INV000072,ACCT0088,2023-12-09,416.6666666666667,USD
INV000073,ACCT0215,2024-04-18,437.50000000000006,USD
INV000074,ACCT0078,2024-06-24,833.3333333333334,USD
INV000075,ACCT0280,2024-04-29,1979.1666666666667,USD
INV000076,ACCT0179,2025-09-08,2083.3333333333335,USD
INV000077,ACCT0107,2025-05-17,2083.3333333333335,USD
INV000078,ACCT0003,2025-05-25,2083.3333333333335,USD
INV000079,ACCT0058,2024-09-29,87.5,USD
INV000080,ACCT0066,2025-09-26,83.33333333333333,USD
INV000081,ACCT0173,2023-12-06,2083.3333333333335,USD
INV000082,ACCT0250,2024-05-31,83.33333333333333,USD
INV000083,ACCT0295,2025-06-24,416.6666666666667,USD
INV000084,ACCT0272,2024-02-11,1979.1666666666667,USD
INV000085,ACCT0074,2024-07-18,87.5,USD
INV000086,ACCT0203,2024-11-22,416.6666666666667,USD
INV000087,ACCT0235,2024-08-26,875.0000000000001,USD
INV000088,ACCT0261,2024-06-11,437.50000000000006,USD
INV000089,ACCT0181,2024-10-29,79.16666666666666,USD
INV000090,ACCT0210,2025-05-08,395.8333333333333,USD
INV000091,ACCT0214,2025-07-19,2083.3333333333335,USD
INV000092,ACCT0095,2025-05-09,395.8333333333333,USD
INV000093,ACCT0032,2025-04-06,395.8333333333333,USD
INV000094,ACCT0294,2023-12-22,875.0000000000001,USD
INV000095,ACCT0258,2024-06-11,87.5,USD
INV000096,ACCT0285,2025-02-02,2187.5000000000005,USD
INV000097,ACCT0098,2024-10-31,833.3333333333334,USD
INV000098,ACCT0072,2024-05-08,2083.3333333333335,USD
INV000099,ACCT0133,2025-05-04,79.16666666666666,USD
INV000100,ACCT0204,2025-09-07,395.8333333333333,USD
INV000101,ACCT0218,2024-03-15,83.33333333333333,USD
INV000102,ACCT0172,2024-03-08,833.3333333333334,USD
INV000103,ACCT0250,2024-01-21,87.5,USD
INV000104,ACCT0070,2024-10-01,416.6666666666667,USD
INV000105,ACCT0282,2024-05-21,87.5,USD
INV000106,ACCT0190,2025-10-09,2083.3333333333335,USD
INV000107,ACCT0245,2025-07-29,416.6666666666667,USD
INV000108,ACCT0251,2024-05-21,833.3333333333334,USD
INV000109,ACCT0035,2024-01-26,395.8333333333333,USD
INV000110,ACCT0145,2025-08-11,79.16666666666666,USD
INV000111,ACCT0026,2024-02-26,2083.3333333333335,USD
INV000112,ACCT0131,2025-07-07,437.50000000000006,USD
INV000113,ACCT0069,2024-08-01,87.5,USD
INV000114,ACCT0191,2025-01-30,833.3333333333334,USD
INV000115,ACCT0065,2025-04-28,83.33333333333333,USD
INV000116,ACCT0233,2023-12-07,791.6666666666666,USD
INV000117,ACCT0050,2025-04-04,83.33333333333333,USD
INV000118,ACCT0101,2024-08-31,83.33333333333333,USD
INV000119,ACCT0074,2024-11-19,83.33333333333333,USD
INV000120,ACCT0016,2024-11-07,791.6666666666666,USD
INV000121,ACCT0105,2025-09-23,2083.3333333333335,USD
INV000122,ACCT0032,2025-11-03,416.6666666666667,USD
INV000123,ACCT0095,2025-07-20,416.6666666666667,USD
INV000124,ACCT0129,2024-01-09,1979.1666666666667,USD
INV000125,ACCT0122,2024-10-08,2083.3333333333335,USD
INV000126,ACCT0067,2023-12-30,791.6666666666666,USD
INV000127,ACCT0270,2024-03-06,2083.3333333333335,USD
INV000128,ACCT0203,2024-04-10,437.50000000000006,USD
INV000129,ACCT0219,2024-05-04,87.5,USD
INV000130,ACCT0272,2025-05-08,2083.3333333333335,USD
INV000131,ACCT0132,2024-12-22,791.6666666666666,USD
INV000132,ACCT0157,2024-08-01,833.3333333333334,USD
INV000133,ACCT0225,2024-07-24,875.0000000000001,USD
INV000134,ACCT0119,2024-09-25,875.0000000000001,USD
INV000135,ACCT0153,2024-02-08,2083.3333333333335,USD
INV000136,ACCT0220,2024-05-04,416.6666666666667,USD
INV000137,ACCT0168,2024-07-30,437.50000000000006,USD
INV000138,ACCT0095,2025-06-02,437.50000000000006,USD
INV000139,ACCT0236,2025-03-28,87.5,USD
INV000140,ACCT0252,2024-02-17,83.33333333333333,USD
INV000141,ACCT0182,2025-05-25,2083.3333333333335,USD
INV000142,ACCT0204,2024-09-04,437.50000000000006,USD
INV000143,ACCT0064,2024-09-22,79.16666666666666,USD
INV000144,ACCT0126,2024-01-17,2083.3333333333335,USD
INV000145,ACCT0072,2024-09-08,2083.3333333333335,USD
INV000146,ACCT0121,2025-10-09,2083.3333333333335,USD
INV000147,ACCT0057,2023-12-26,87.5,USD
INV000148,ACCT0065,2024-09-05,87.5,USD
INV000149,ACCT0264,2024-07-04,83.33333333333333,USD
INV000150,ACCT0205,2024-02-09,87.5,USD
INV000151,ACCT0188,2024-07-09,791.6666666666666,USD
INV000152,ACCT0232,2024-04-05,395.8333333333333,USD
INV000153,ACCT0004,2025-06-26,2083.3333333333335,USD
INV000154,ACCT0154,2024-03-09,2187.5000000000005,USD
INV000155,ACCT0256,2025-05-09,833.3333333333334,USD
INV000156,ACCT0218,2025-09-17,83.33333333333333,USD
INV000157,ACCT0103,2024-06-18,1979.1666666666667,USD
INV000158,ACCT0282,2024-05-28,79.16666666666666,USD
INV000159,ACCT0059,2024-09-30,833.3333333333334,USD
INV000160,ACCT0037,2024-05-15,833.3333333333334,USD
INV000161,ACCT0195,2024-11-05,1979.1666666666667,USD
INV000162,ACCT0036,2025-06-01,1979.1666666666667,USD
INV000163,ACCT0206,2024-03-28,2083.3333333333335,USD
INV000164,ACCT0197,2024-05-07,83.33333333333333,USD
INV000165,ACCT0121,2024-05-31,2187.5000000000005,USD
INV000166,ACCT0184,2024-01-03,395.8333333333333,USD
INV000167,ACCT0124,2025-08-29,833.3333333333334,USD
INV000168,ACCT0147,2025-07-25,437.50000000000006,USD
INV000169,ACCT0181,2024-12-14,79.16666666666666,USD
INV000170,ACCT0173,2024-01-06,2083.3333333333335,USD
INV000171,ACCT0025,2024-03-09,416.6666666666667,USD
INV000172,ACCT0265,2025-01-20,83.33333333333333,USD
INV000173,ACCT0143,2025-07-21,875.0000000000001,USD
INV000174,ACCT0170,2024-07-26,83.33333333333333,USD
INV000175,ACCT0138,2024-12-26,416.6666666666667,USD
INV000176,ACCT0097,2024-02-21,833.3333333333334,USD
INV000177,ACCT0268,2024-02-08,79.16666666666666,USD
INV000178,ACCT0173,2024-11-03,2083.3333333333335,USD
INV000179,ACCT0137,2025-08-30,2083.3333333333335,USD
INV000180,ACCT0132,2025-09-08,833.3333333333334,USD
INV000181,ACCT0178,2023-12-04,791.6666666666666,USD
INV000182,ACCT0241,2024-04-01,416.6666666666667,USD
INV000183,ACCT0120,2024-12-16,2083.3333333333335,USD
INV000184,ACCT0164,2025-02-11,437.50000000000006,USD
INV000185,ACCT0123,2024-12-11,416.6666666666667,USD
INV000186,ACCT0108,2024-03-15,437.50000000000006,USD
INV000187,ACCT0006,2024-11-20,79.16666666666666,USD
INV000188,ACCT0163,2024-09-17,437.50000000000006,USD
INV000189,ACCT0089,2024-09-08,875.0000000000001,USD
INV000190,ACCT0247,2025-02-01,2083.3333333333335,USD
INV000191,ACCT0170,2024-09-07,79.16666666666666,USD
INV000192,ACCT0259,2024-02-11,1979.1666666666667,USD
INV000193,ACCT0183,2025-05-21,875.0000000000001,USD
INV000194,ACCT0012,2024-02-09,83.33333333333333,USD
INV000195,ACCT0130,2024-10-28,83.33333333333333,USD
INV000196,ACCT0265,2025-03-10,83.33333333333333,USD
INV000197,ACCT0256,2025-03-31,875.0000000000001,USD
INV000198,ACCT0183,2024-01-09,791.6666666666666,USD
INV000199,ACCT0016,2024-08-23,791.6666666666666,USD
INV000200,ACCT0127,2025-05-12,791.6666666666666,USD
INV000201,ACCT0092,2024-01-19,2083.3333333333335,USD
INV000202,ACCT0083,2025-04-25,83.33333333333333,USD
INV000203,ACCT0117,2024-11-22,1979.1666666666667,USD
INV000204,ACCT0103,2024-10-30,2187.5000000000005,USD
INV000205,ACCT0164,2024-12-06,416.6666666666667,USD
INV000206,ACCT0295,2024-07-06,416.6666666666667,USD
INV000207,ACCT0227,2025-10-07,437.50000000000006,USD
INV000208,ACCT0214,2025-07-05,2083.3333333333335,USD
INV000209,ACCT0230,2024-01-27,416.6666666666667,USD
INV000210,ACCT0136,2024-08-22,83.33333333333333,USD
INV000211,ACCT0136,2024-06-03,79.16666666666666,USD
INV000212,ACCT0278,2025-10-06,83.33333333333333,USD
INV000213,ACCT0201,2024-05-21,875.0000000000001,USD
INV000214,ACCT0001,2024-05-08,833.3333333333334,USD
INV000215,ACCT0024,2024-04-16,791.6666666666666,USD
INV000216,ACCT0047,2025-07-25,2083.3333333333335,USD
INV000217,ACCT0154,2024-05-15,2187.5000000000005,USD
INV000218,ACCT0121,2024-08-17,2083.3333333333335,USD
INV000219,ACCT0235,2024-12-27,791.6666666666666,USD
INV000220,ACCT0007,2025-01-15,2083.3333333333335,USD
INV000221,ACCT0089,2025-05-23,875.0000000000001,USD
INV000222,ACCT0004,2024-12-24,2187.5000000000005,USD
INV000223,ACCT0113,2024-07-30,875.0000000000001,USD
INV000224,ACCT0020,2025-06-03,79.16666666666666,USD
INV000225,ACCT0256,2025-01-12,875.0000000000001,USD
INV000226,ACCT0287,2024-06-17,79.16666666666666,USD
INV000227,ACCT0115,2024-01-22,1979.1666666666667,USD
INV000228,ACCT0222,2024-09-02,83.33333333333333,USD
INV000229,ACCT0226,2025-01-04,791.6666666666666,USD
INV000230,ACCT0108,2024-11-21,416.6666666666667,USD
INV000231,ACCT0236,2024-04-01,87.5,USD
INV000232,ACCT0149,2025-08-22,791.6666666666666,USD
INV000233,ACCT0119,2025-08-16,791.6666666666666,USD
INV000234,ACCT0207,2024-08-07,79.16666666666666,USD
INV000235,ACCT0292,2024-11-03,791.6666666666666,USD
INV000236,ACCT0125,2024-09-11,833.3333333333334,USD
INV000237,ACCT0224,2024-04-30,416.6666666666667,USD
INV000238,ACCT0028,2024-09-08,87.5,USD
INV000239,ACCT0190,2024-10-08,2187.5000000000005,USD
INV000240,ACCT0125,2025-09-01,833.3333333333334,USD
INV000241,ACCT0149,2025-03-04,875.0000000000001,USD
INV000242,ACCT0300,2025-04-15,2187.5000000000005,USD
INV000243,ACCT0157,2025-10-11,875.0000000000001,USD
INV000244,ACCT0117,2024-05-25,2083.3333333333335,USD
INV000245,ACCT0159,2023-12-25,83.33333333333333,USD
INV000246,ACCT0181,2025-09-24,83.33333333333333,USD
INV000247,ACCT0169,2025-07-18,875.0000000000001,USD
INV000248,ACCT0285,2025-06-12,2187.5000000000005,USD
INV000249,ACCT0222,2025-05-11,83.33333333333333,USD
INV000250,ACCT0067,2025-05-06,791.6666666666666,USD
INV000251,ACCT0216,2023-12-18,395.8333333333333,USD
INV000252,ACCT0228,2024-12-03,791.6666666666666,USD
INV000253,ACCT0119,2024-12-16,833.3333333333334,USD
INV000254,ACCT0183,2024-12-09,833.3333333333334,USD
INV000255,ACCT0066,2024-08-07,79.16666666666666,USD
INV000256,ACCT0206,2024-09-09,1979.1666666666667,USD
INV000257,ACCT0036,2024-11-01,1979.1666666666667,USD
INV000258,ACCT0241,2024-03-23,416.6666666666667,USD
INV000259,ACCT0038,2025-04-08,83.33333333333333,USD
INV000260,ACCT0220,2024-01-06,395.8333333333333,USD
INV000261,ACCT0169,2025-05-25,875.0000000000001,USD
INV000262,ACCT0078,2025-10-02,791.6666666666666,USD
INV000263,ACCT0102,2024-09-19,1979.1666666666667,USD
INV000264,ACCT0032,2024-07-18,437.50000000000006,USD
INV000265,ACCT0145,2024-08-29,83.33333333333333,USD
INV000266,ACCT0069,2024-08-08,83.33333333333333,USD
INV000267,ACCT0292,2025-01-03,791.6666666666666,USD
INV000268,ACCT0164,2025-04-06,437.50000000000006,USD
INV000269,ACCT0079,2024-04-05,87.5,USD
INV000270,ACCT0219,2025-09-02,87.5,USD
INV000271,ACCT0068,2024-07-27,833.3333333333334,USD
INV000272,ACCT0054,2024-12-14,833.3333333333334,USD
INV000273,ACCT0218,2024-10-25,83.33333333333333,USD
INV000274,ACCT0130,2025-09-15,83.33333333333333,USD
INV000275,ACCT0218,2024-10-13,79.16666666666666,USD
INV000276,ACCT0050,2025-09-28,83.33333333333333,USD
INV000277,ACCT0072,2025-03-06,2187.5000000000005,USD
INV000278,ACCT0082,2025-06-15,416.6666666666667,USD
INV000279,ACCT0120,2025-01-04,2083.3333333333335,USD
INV000280,ACCT0269,2025-06-10,437.50000000000006,USD
INV000281,ACCT0239,2024-11-09,875.0000000000001,USD
INV000282,ACCT0149,2025-02-02,875.0000000000001,USD
INV000283,ACCT0132,2024-02-20,833.3333333333334,USD
INV000284,ACCT0072,2025-02-17,2187.5000000000005,USD
INV000285,ACCT0256,2025-08-29,833.3333333333334,USD
INV000286,ACCT0212,2025-08-10,791.6666666666666,USD
INV000287,ACCT0084,2023-12-08,79.16666666666666,USD
INV000288,ACCT0005,2024-03-27,875.0000000000001,USD
INV000289,ACCT0088,2025-04-12,416.6666666666667,USD
INV000290,ACCT0142,2023-12-20,2083.3333333333335,USD
INV000291,ACCT0220,2024-11-11,416.6666666666667,USD
INV000292,ACCT0265,2025-02-04,83.33333333333333,USD
INV000293,ACCT0277,2025-01-01,2187.5000000000005,USD
INV000294,ACCT0174,2024-02-18,2187.5000000000005,USD
INV000295,ACCT0185,2025-06-17,416.6666666666667,USD
INV000296,ACCT0031,2025-10-24,833.3333333333334,USD
INV000297,ACCT0159,2025-10-14,87.5,USD
INV000298,ACCT0045,2023-12-14,2083.3333333333335,USD
INV000299,ACCT0253,2024-05-28,437.50000000000006,USD
INV000300,ACCT0235,2023-12-09,833.3333333333334,USD
INV000301,ACCT0084,2024-06-27,87.5,USD
INV000302,ACCT0180,2025-04-14,2083.3333333333335,USD
INV000303,ACCT0163,2025-04-22,437.50000000000006,USD
INV000304,ACCT0283,2025-04-26,875.0000000000001,USD
INV000305,ACCT0051,2025-08-15,87.5,USD
INV000306,ACCT0177,2024-06-22,437.50000000000006,USD
INV000307,ACCT0184,2024-07-16,437.50000000000006,USD
INV000308,ACCT0022,2025-05-10,2187.5000000000005,USD
INV000309,ACCT0105,2024-04-19,1979.1666666666667,USD
INV000310,ACCT0177,2023-12-27,416.6666666666667,USD
INV000311,ACCT0269,2025-01-08,395.8333333333333,USD
INV000312,ACCT0160,2025-06-13,83.33333333333333,USD
INV000313,ACCT0022,2024-05-23,2083.3333333333335,USD
INV000314,ACCT0056,2025-04-16,833.3333333333334,USD
INV000315,ACCT0158,2024-09-30,83.33333333333333,USD
INV000316,ACCT0259,2025-05-26,2083.3333333333335,USD
INV000317,ACCT0259,2024-12-05,2083.3333333333335,USD
INV000318,ACCT0209,2025-05-13,833.3333333333334,USD
INV000319,ACCT0275,2025-07-20,833.3333333333334,USD
INV000320,ACCT0070,2024-09-08,437.50000000000006,USD
INV000321,ACCT0090,2024-12-04,83.33333333333333,USD
INV000322,ACCT0141,2025-01-19,875.0000000000001,USD
INV000323,ACCT0199,2024-09-25,1979.1666666666667,USD
INV000324,ACCT0022,2024-06-26,2083.3333333333335,USD
INV000325,ACCT0087,2025-06-04,2083.3333333333335,USD
INV000326,ACCT0123,2024-11-02,437.50000000000006,USD
INV000327,ACCT0113,2023-11-26,833.3333333333334,USD
INV000328,ACCT0040,2025-01-13,833.3333333333334,USD
INV000329,ACCT0246,2024-02-29,87.5,USD
INV000330,ACCT0054,2025-07-09,791.6666666666666,USD
INV000331,ACCT0283,2024-05-31,875.0000000000001,USD
INV000332,ACCT0006,2025-06-08,87.5,USD
INV000333,ACCT0110,2024-03-05,83.33333333333333,USD
INV000334,ACCT0223,2024-09-12,791.6666666666666,USD
INV000335,ACCT0125,2023-11-27,875.0000000000001,USD
INV000336,ACCT0279,2024-04-20,2187.5000000000005,USD
INV000337,ACCT0015,2024-10-07,83.33333333333333,USD
INV000338,ACCT0174,2024-06-30,2083.3333333333335,USD
INV000339,ACCT0269,2024-09-17,437.50000000000006,USD
INV000340,ACCT0006,2024-02-16,83.33333333333333,USD
INV000341,ACCT0243,2024-02-12,2083.3333333333335,USD
INV000342,ACCT0191,2024-07-21,833.3333333333334,USD
INV000343,ACCT0235,2024-10-11,833.3333333333334,USD
INV000344,ACCT0267,2024-04-01,2083.3333333333335,USD
INV000345,ACCT0173,2023-12-01,1979.1666666666667,USD
INV000346,ACCT0066,2024-06-17,83.33333333333333,USD
INV000347,ACCT0051,2025-07-29,83.33333333333333,USD
INV000348,ACCT0135,2024-01-12,83.33333333333333,USD
INV000349,ACCT0067,2024-06-12,875.0000000000001,USD
INV000350,ACCT0098,2025-03-25,875.0000000000001,USD
INV000351,ACCT0011,2024-12-04,833.3333333333334,USD
INV000352,ACCT0272,2025-11-08,1979.1666666666667,USD
INV000353,ACCT0045,2025-02-15,1979.1666666666667,USD
INV000354,ACCT0026,2024-04-24,1979.1666666666667,USD
INV000355,ACCT0224,2024-10-09,437.50000000000006,USD
INV000356,ACCT0015,2024-09-27,83.33333333333333,USD
INV000357,ACCT0014,2024-08-15,83.33333333333333,USD
INV000358,ACCT0166,2025-04-20,87.5,USD
INV000359,ACCT0154,2025-06-15,2187.5000000000005,USD
INV000360,ACCT0288,2024-06-04,416.6666666666667,USD
INV000361,ACCT0174,2025-04-25,2083.3333333333335,USD
INV000362,ACCT0004,2025-04-17,2187.5000000000005,USD
INV000363,ACCT0197,2024-05-02,83.33333333333333,USD
INV000364,ACCT0009,2024-10-18,833.3333333333334,USD
INV000365,ACCT0206,2025-03-26,2083.3333333333335,USD
INV000366,ACCT0150,2025-05-22,2083.3333333333335,USD
INV000367,ACCT0017,2024-04-05,2187.5000000000005,USD
INV000368,ACCT0220,2025-03-08,395.8333333333333,USD
INV000369,ACCT0117,2025-10-01,2083.3333333333335,USD
INV000370,ACCT0152,2025-08-25,395.8333333333333,USD
INV000371,ACCT0054,2025-09-01,791.6666666666666,USD
INV000372,ACCT0220,2024-07-14,395.8333333333333,USD
INV000373,ACCT0195,2024-01-02,2083.3333333333335,USD
INV000374,ACCT0044,2025-07-29,83.33333333333333,USD
INV000375,ACCT0283,2025-04-23,791.6666666666666,USD
INV000376,ACCT0192,2024-02-23,416.6666666666667,USD
INV000377,ACCT0286,2024-10-08,875.0000000000001,USD
INV000378,ACCT0134,2024-11-15,833.3333333333334,USD
INV000379,ACCT0086,2025-07-11,79.16666666666666,USD
INV000380,ACCT0128,2025-03-18,83.33333333333333,USD
INV000381,ACCT0121,2024-01-03,2083.3333333333335,USD
INV000382,ACCT0273,2024-09-08,791.6666666666666,USD
INV000383,ACCT0072,2023-12-18,1979.1666666666667,USD
INV000384,ACCT0222,2025-02-07,83.33333333333333,USD
INV000385,ACCT0217,2025-09-10,83.33333333333333,USD
INV000386,ACCT0087,2025-06-25,2083.3333333333335,USD
INV000387,ACCT0053,2025-04-01,2083.3333333333335,USD
INV000388,ACCT0076,2024-11-13,833.3333333333334,USD
INV000389,ACCT0159,2024-03-03,79.16666666666666,USD
INV000390,ACCT0021,2024-12-09,83.33333333333333,USD
INV000391,ACCT0257,2024-07-31,2187.5000000000005,USD
INV000392,ACCT0040,2023-12-18,833.3333333333334,USD
INV000393,ACCT0192,2025-08-31,437.50000000000006,USD
INV000394,ACCT0143,2025-02-05,833.3333333333334,USD
INV000395,ACCT0166,2025-02-12,83.33333333333333,USD
INV000396,ACCT0215,2024-03-22,395.8333333333333,USD
INV000397,ACCT0181,2025-07-02,79.16666666666666,USD
INV000398,ACCT0190,2024-09-13,2083.3333333333335,USD
INV000399,ACCT0005,2025-03-11,833.3333333333334,USD
INV000400,ACCT0008,2024-01-06,416.6666666666667,USD
INV000401,ACCT0262,2024-01-29,2083.3333333333335,USD
INV000402,ACCT0128,2024-06-04,79.16666666666666,USD
INV000403,ACCT0128,2024-08-24,83.33333333333333,USD
INV000404,ACCT0188,2025-03-08,833.3333333333334,USD
INV000405,ACCT0287,2024-02-17,79.16666666666666,USD
INV000406,ACCT0034,2024-10-15,416.6666666666667,USD
INV000407,ACCT0029,2025-02-21,79.16666666666666,USD
INV000408,ACCT0150,2024-01-21,2083.3333333333335,USD
INV000409,ACCT0233,2024-05-08,833.3333333333334,USD
INV000410,ACCT0220,2025-08-11,437.50000000000006,USD
INV000411,ACCT0040,2024-07-23,833.3333333333334,USD
INV000412,ACCT0241,2025-06-30,416.6666666666667,USD
INV000413,ACCT0211,2024-03-28,416.6666666666667,USD
INV000414,ACCT0241,2025-07-30,416.6666666666667,USD
INV000415,ACCT0162,2024-05-02,2187.5000000000005,USD
INV000416,ACCT0014,2023-12-12,79.16666666666666,USD
INV000417,ACCT0286,2025-05-25,833.3333333333334,USD
INV000418,ACCT0103,2025-09-29,2083.3333333333335,USD
INV000419,ACCT0241,2024-08-13,416.6666666666667,USD
INV000420,ACCT0103,2024-05-17,2187.5000000000005,USD
INV000421,ACCT0188,2024-02-08,791.6666666666666,USD
INV000422,ACCT0127,2025-09-12,791.6666666666666,USD
INV000423,ACCT0142,2025-03-10,2083.3333333333335,USD
INV000424,ACCT0110,2025-05-24,87.5,USD
INV000425,ACCT0163,2024-09-25,437.50000000000006,USD
INV000426,ACCT0139,2024-09-11,833.3333333333334,USD
INV000427,ACCT0235,2024-03-19,791.6666666666666,USD
INV000428,ACCT0108,2024-03-31,437.50000000000006,USD
INV000429,ACCT0051,2025-08-11,79.16666666666666,USD
INV000430,ACCT0041,2025-01-20,875.0000000000001,USD
INV000431,ACCT0032,2024-07-07,416.6666666666667,USD
INV000432,ACCT0109,2025-10-07,437.50000000000006,USD
INV000433,ACCT0118,2025-11-07,79.16666666666666,USD
INV000434,ACCT0258,2024-05-04,87.5,USD
INV000435,ACCT0238,2024-01-15,1979.1666666666667,USD
INV000436,ACCT0166,2025-07-12,87.5,USD
INV000437,ACCT0267,2024-12-11,1979.1666666666667,USD
INV000438,ACCT0020,2025-06-30,83.33333333333333,USD
INV000439,ACCT0047,2024-03-08,2187.5000000000005,USD
INV000440,ACCT0007,2024-09-24,2187.5000000000005,USD
INV000441,ACCT0211,2025-02-08,416.6666666666667,USD
INV000442,ACCT0240,2025-04-02,1979.1666666666667,USD
INV000443,ACCT0152,2025-06-02,416.6666666666667,USD
INV000444,ACCT0023,2025-08-14,416.6666666666667,USD
INV000445,ACCT0300,2025-09-29,2083.3333333333335,USD
INV000446,ACCT0211,2024-11-06,416.6666666666667,USD
INV000447,ACCT0155,2024-06-17,791.6666666666666,USD
INV000448,ACCT0128,2024-10-10,83.33333333333333,USD
INV000449,ACCT0261,2024-03-03,437.50000000000006,USD
INV000450,ACCT0049,2024-01-29,395.8333333333333,USD
INV000451,ACCT0180,2025-01-15,1979.1666666666667,USD
INV000452,ACCT0245,2025-08-27,395.8333333333333,USD
INV000453,ACCT0165,2025-03-13,791.6666666666666,USD
INV000454,ACCT0098,2025-05-18,833.3333333333334,USD
INV000455,ACCT0187,2024-06-05,437.50000000000006,USD
INV000456,ACCT0257,2024-12-15,1979.1666666666667,USD
INV000457,ACCT0208,2025-08-03,833.3333333333334,USD
INV000458,ACCT0154,2024-09-16,2083.3333333333335,USD
INV000459,ACCT0125,2024-12-10,875.0000000000001,USD
INV000460,ACCT0165,2023-12-15,791.6666666666666,USD
INV000461,ACCT0188,2024-06-16,833.3333333333334,USD
INV000462,ACCT0119,2024-07-19,833.3333333333334,USD
INV000463,ACCT0260,2024-05-31,833.3333333333334,USD
INV000464,ACCT0078,2025-10-05,833.3333333333334,USD
INV000465,ACCT0070,2025-09-14,395.8333333333333,USD
INV000466,ACCT0117,2025-08-02,2083.3333333333335,USD
INV000467,ACCT0280,2024-10-22,2083.3333333333335,USD
INV000468,ACCT0018,2023-12-04,87.5,USD
INV000469,ACCT0148,2024-02-14,437.50000000000006,USD
INV000470,ACCT0187,2024-01-13,437.50000000000006,USD
INV000471,ACCT0142,2024-09-13,2187.5000000000005,USD
INV000472,ACCT0206,2025-03-14,2187.5000000000005,USD
INV000473,ACCT0223,2024-01-08,791.6666666666666,USD
INV000474,ACCT0262,2024-10-01,2083.3333333333335,USD
INV000475,ACCT0230,2024-06-20,395.8333333333333,USD
INV000476,ACCT0295,2024-10-10,416.6666666666667,USD
INV000477,ACCT0070,2025-07-02,437.50000000000006,USD
INV000478,ACCT0115,2024-07-08,2083.3333333333335,USD
INV000479,ACCT0180,2024-02-28,2083.3333333333335,USD
INV000480,ACCT0243,2025-07-01,1979.1666666666667,USD
INV000481,ACCT0178,2024-05-02,875.0000000000001,USD
INV000482,ACCT0298,2025-05-24,83.33333333333333,USD
INV000483,ACCT0148,2024-06-08,416.6666666666667,USD
INV000484,ACCT0095,2025-09-20,416.6666666666667,USD
INV000485,ACCT0057,2025-09-22,87.5,USD
INV000486,ACCT0289,2024-05-17,79.16666666666666,USD
INV000487,ACCT0193,2024-10-17,87.5,USD
INV000488,ACCT0156,2025-02-16,875.0000000000001,USD
INV000489,ACCT0078,2024-02-06,791.6666666666666,USD
INV000490,ACCT0083,2025-05-30,83.33333333333333,USD
INV000491,ACCT0282,2025-05-21,87.5,USD
INV000492,ACCT0099,2025-01-23,83.33333333333333,USD
INV000493,ACCT0270,2024-12-09,2083.3333333333335,USD
INV000494,ACCT0186,2025-11-11,2187.5000000000005,USD
INV000495,ACCT0224,2025-06-13,395.8333333333333,USD
INV000496,ACCT0276,2024-03-25,1979.1666666666667,USD
INV000497,ACCT0003,2023-12-23,1979.1666666666667,USD
INV000498,ACCT0037,2024-01-16,833.3333333333334,USD
INV000499,ACCT0056,2024-08-31,875.0000000000001,USD
INV000500,ACCT0083,2024-01-12,87.5,USD
INV000501,ACCT0276,2024-03-01,2083.3333333333335,USD
INV000502,ACCT0082,2024-12-09,416.6666666666667,USD
INV000503,ACCT0167,2025-01-27,83.33333333333333,USD
INV000504,ACCT0066,2025-04-19,79.16666666666666,USD
INV000505,ACCT0253,2024-06-06,416.6666666666667,USD
INV000506,ACCT0074,2024-08-06,83.33333333333333,USD
INV000507,ACCT0144,2023-12-24,437.50000000000006,USD
INV000508,ACCT0194,2025-01-20,83.33333333333333,USD
INV000509,ACCT0030,2024-10-10,833.3333333333334,USD
INV000510,ACCT0131,2025-04-29,416.6666666666667,USD
INV000511,ACCT0201,2024-01-02,791.6666666666666,USD
INV000512,ACCT0212,2024-01-07,875.0000000000001,USD
INV000513,ACCT0088,2025-05-09,416.6666666666667,USD
INV000514,ACCT0236,2024-07-28,79.16666666666666,USD
INV000515,ACCT0156,2024-11-06,791.6666666666666,USD
INV000516,ACCT0123,2025-08-31,437.50000000000006,USD
INV000517,ACCT0067,2025-02-01,833.3333333333334,USD
INV000518,ACCT0294,2025-08-03,833.3333333333334,USD
INV000519,ACCT0017,2024-07-16,1979.1666666666667,USD
INV000520,ACCT0092,2024-07-21,2187.5000000000005,USD
INV000521,ACCT0219,2024-09-10,87.5,USD
INV000522,ACCT0241,2025-07-26,416.6666666666667,USD
INV000523,ACCT0139,2025-07-13,833.3333333333334,USD
INV000524,ACCT0236,2024-06-09,83.33333333333333,USD
INV000525,ACCT0218,2024-06-06,83.33333333333333,USD
INV000526,ACCT0003,2025-07-13,1979.1666666666667,USD
INV000527,ACCT0299,2024-02-11,2187.5000000000005,USD
INV000528,ACCT0270,2024-05-22,2187.5000000000005,USD
INV000529,ACCT0008,2024-10-21,395.8333333333333,USD
INV000530,ACCT0084,2025-03-28,87.5,USD
INV000531,ACCT0246,2025-01-18,83.33333333333333,USD
INV000532,ACCT0224,2024-10-03,416.6666666666667,USD
INV000533,ACCT0254,2025-10-23,2187.5000000000005,USD
INV000534,ACCT0105,2024-12-27,2187.5000000000005,USD
INV000535,ACCT0250,2024-08-17,83.33333333333333,USD
INV000536,ACCT0094,2024-05-22,83.33333333333333,USD
INV000537,ACCT0025,2025-08-06,395.8333333333333,USD
INV000538,ACCT0246,2024-09-26,83.33333333333333,USD
INV000539,ACCT0150,2025-03-05,2083.3333333333335,USD
INV000540,ACCT0266,2024-06-12,83.33333333333333,USD
INV000541,ACCT0167,2024-04-04,87.5,USD
INV000542,ACCT0054,2025-01-04,833.3333333333334,USD
INV000543,ACCT0074,2025-01-11,83.33333333333333,USD
INV000544,ACCT0123,2025-10-04,416.6666666666667,USD
INV000545,ACCT0268,2024-07-27,83.33333333333333,USD
INV000546,ACCT0013,2024-04-02,2083.3333333333335,USD
INV000547,ACCT0235,2025-02-06,833.3333333333334,USD
INV000548,ACCT0245,2024-06-06,416.6666666666667,USD
INV000549,ACCT0063,2025-01-30,2083.3333333333335,USD
INV000550,ACCT0092,2024-08-09,1979.1666666666667,USD
INV000551,ACCT0178,2025-06-30,833.3333333333334,USD
INV000552,ACCT0057,2024-12-18,83.33333333333333,USD
INV000553,ACCT0025,2024-02-03,416.6666666666667,USD
INV000554,ACCT0085,2024-07-05,2083.3333333333335,USD
INV000555,ACCT0184,2024-08-22,416.6666666666667,USD
INV000556,ACCT0109,2024-01-13,437.50000000000006,USD
INV000557,ACCT0229,2023-12-26,83.33333333333333,USD
INV000558,ACCT0040,2024-08-16,833.3333333333334,USD
INV000559,ACCT0274,2024-10-27,79.16666666666666,USD
INV000560,ACCT0157,2024-12-01,833.3333333333334,USD
INV000561,ACCT0050,2024-11-16,79.16666666666666,USD
INV000562,ACCT0192,2023-12-12,416.6666666666667,USD
INV000563,ACCT0045,2024-08-15,2083.3333333333335,USD
INV000564,ACCT0084,2025-07-22,83.33333333333333,USD
INV000565,ACCT0188,2024-08-28,833.3333333333334,USD
INV000566,ACCT0204,2024-11-06,395.8333333333333,USD
INV000567,ACCT0084,2025-11-10,83.33333333333333,USD
INV000568,ACCT0263,2024-03-15,833.3333333333334,USD
INV000569,ACCT0149,2024-12-02,875.0000000000001,USD
INV000570,ACCT0027,2024-04-28,833.3333333333334,USD
INV000571,ACCT0104,2024-11-16,87.5,USD
INV000572,ACCT0092,2024-07-16,1979.1666666666667,USD
INV000573,ACCT0102,2025-05-29,2083.3333333333335,USD
INV000574,ACCT0237,2025-10-25,2083.3333333333335,USD
INV000575,ACCT0257,2025-06-30,2083.3333333333335,USD
INV000576,ACCT0293,2025-10-19,791.6666666666666,USD
INV000577,ACCT0116,2024-03-01,791.6666666666666,USD
INV000578,ACCT0155,2025-08-03,833.3333333333334,USD
INV000579,ACCT0254,2025-03-11,2083.3333333333335,USD
INV000580,ACCT0032,2025-08-15,437.50000000000006,USD
INV000581,ACCT0052,2024-11-30,416.6666666666667,USD
INV000582,ACCT0216,2024-09-12,416.6666666666667,USD
INV000583,ACCT0260,2025-04-20,875.0000000000001,USD
INV000584,ACCT0128,2025-09-15,83.33333333333333,USD
INV000585,ACCT0188,2024-09-18,791.6666666666666,USD
INV000586,ACCT0022,2024-09-30,2187.5000000000005,USD
INV000587,ACCT0272,2024-10-14,2083.3333333333335,USD
INV000588,ACCT0162,2025-04-21,2083.3333333333335,USD
INV000589,ACCT0218,2024-05-03,83.33333333333333,USD
INV000590,ACCT0099,2025-10-01,79.16666666666666,USD
INV000591,ACCT0277,2024-02-29,1979.1666666666667,USD
INV000592,ACCT0137,2025-05-06,2083.3333333333335,USD
INV000593,ACCT0064,2025-08-29,87.5,USD
INV000594,ACCT0117,2025-08-07,1979.1666666666667,USD
INV000595,ACCT0118,2024-11-13,83.33333333333333,USD
INV000596,ACCT0203,2024-06-26,437.50000000000006,USD
INV000597,ACCT0226,2025-09-22,875.0000000000001,USD
INV000598,ACCT0188,2025-09-28,833.3333333333334,USD
INV000599,ACCT0172,2025-10-09,791.6666666666666,USD
INV000600,ACCT0289,2025-09-17,79.16666666666666,USD
INV000601,ACCT0117,2024-09-10,2083.3333333333335,USD
INV000602,ACCT0064,2025-02-11,87.5,USD
INV000603,ACCT0115,2023-12-29,1979.1666666666667,USD
INV000604,ACCT0175,2024-06-14,2187.5000000000005,USD
INV000605,ACCT0019,2025-03-21,437.50000000000006,USD
INV000606,ACCT0289,2025-02-27,87.5,USD
INV000607,ACCT0162,2024-08-17,2187.5000000000005,USD
INV000608,ACCT0107,2024-09-01,2083.3333333333335,USD
INV000609,ACCT0261,2025-11-05,395.8333333333333,USD
INV000610,ACCT0155,2025-05-14,791.6666666666666,USD
INV000611,ACCT0086,2024-08-19,79.16666666666666,USD
INV000612,ACCT0143,2024-08-09,833.3333333333334,USD
INV000613,ACCT0123,2024-02-26,395.8333333333333,USD
INV000614,ACCT0021,2025-05-26,83.33333333333333,USD
INV000615,ACCT0097,2025-11-15,791.6666666666666,USD
INV000616,ACCT0114,2024-05-20,87.5,USD
INV000617,ACCT0064,2024-05-29,83.33333333333333,USD
INV000618,ACCT0234,2024-10-07,2083.3333333333335,USD
INV000619,ACCT0066,2025-04-05,83.33333333333333,USD
INV000620,ACCT0112,2025-04-27,1979.1666666666667,USD
INV000621,ACCT0278,2024-01-01,79.16666666666666,USD
INV000622,ACCT0177,2025-03-30,416.6666666666667,USD
INV000623,ACCT0007,2025-09-15,1979.1666666666667,USD
INV000624,ACCT0048,2025-08-27,875.0000000000001,USD
INV000625,ACCT0073,2025-08-04,875.0000000000001,USD
INV000626,ACCT0057,2024-06-21,83.33333333333333,USD
INV000627,ACCT0285,2024-05-26,1979.1666666666667,USD
INV000628,ACCT0084,2024-05-17,83.33333333333333,USD
INV000629,ACCT0062,2024-03-30,87.5,USD
INV000630,ACCT0047,2023-11-30,1979.1666666666667,USD
INV000631,ACCT0112,2025-05-08,2187.5000000000005,USD
INV000632,ACCT0213,2024-10-04,875.0000000000001,USD
INV000633,ACCT0060,2024-12-18,416.6666666666667,USD
INV000634,ACCT0284,2024-03-01,833.3333333333334,USD
INV000635,ACCT0118,2024-01-09,83.33333333333333,USD
INV000636,ACCT0039,2024-04-22,875.0000000000001,USD
INV000637,ACCT0191,2024-05-28,791.6666666666666,USD
INV000638,ACCT0228,2024-03-26,791.6666666666666,USD
INV000639,ACCT0295,2025-07-13,416.6666666666667,USD
INV000640,ACCT0011,2024-09-26,791.6666666666666,USD
INV000641,ACCT0031,2025-01-17,833.3333333333334,USD
INV000642,ACCT0043,2025-02-16,2083.3333333333335,USD
INV000643,ACCT0270,2025-08-08,1979.1666666666667,USD
INV000644,ACCT0189,2024-02-27,791.6666666666666,USD
INV000645,ACCT0198,2024-11-03,87.5,USD
INV000646,ACCT0001,2024-12-14,833.3333333333334,USD
INV000647,ACCT0069,2025-08-14,83.33333333333333,USD
INV000648,ACCT0121,2025-09-07,1979.1666666666667,USD
INV000649,ACCT0172,2024-04-01,833.3333333333334,USD
INV000650,ACCT0169,2025-11-05,833.3333333333334,USD
INV000651,ACCT0067,2024-01-26,875.0000000000001,USD
INV000652,ACCT0087,2024-04-24,2187.5000000000005,USD
INV000653,ACCT0139,2025-01-20,875.0000000000001,USD
INV000654,ACCT0167,2024-04-25,79.16666666666666,USD
INV000655,ACCT0031,2024-11-20,833.3333333333334,USD
INV000656,ACCT0017,2024-09-11,2083.3333333333335,USD
INV000657,ACCT0017,2024-01-09,2187.5000000000005,USD
INV000658,ACCT0288,2025-07-15,416.6666666666667,USD
INV000659,ACCT0124,2024-06-06,791.6666666666666,USD
INV000660,ACCT0147,2024-06-30,437.50000000000006,USD
INV000661,ACCT0012,2025-07-21,79.16666666666666,USD
INV000662,ACCT0220,2024-10-24,416.6666666666667,USD
INV000663,ACCT0189,2024-01-18,833.3333333333334,USD
INV000664,ACCT0174,2025-07-18,1979.1666666666667,USD
INV000665,ACCT0193,2024-08-03,83.33333333333333,USD
INV000666,ACCT0243,2024-11-01,2083.3333333333335,USD
INV000667,ACCT0060,2023-12-05,437.50000000000006,USD
INV000668,ACCT0174,2023-12-24,2083.3333333333335,USD
INV000669,ACCT0055,2025-09-14,395.8333333333333,USD
INV000670,ACCT0264,2025-06-28,83.33333333333333,USD
INV000671,ACCT0170,2024-11-15,79.16666666666666,USD
INV000672,ACCT0183,2024-06-24,791.6666666666666,USD
INV000673,ACCT0064,2025-03-25,83.33333333333333,USD
INV000674,ACCT0100,2024-04-20,416.6666666666667,USD
INV000675,ACCT0156,2025-05-03,833.3333333333334,USD
INV000676,ACCT0222,2025-04-16,79.16666666666666,USD
INV000677,ACCT0148,2025-04-30,437.50000000000006,USD
INV000678,ACCT0018,2025-03-24,87.5,USD
INV000679,ACCT0041,2025-08-22,833.3333333333334,USD
INV000680,ACCT0152,2024-07-02,416.6666666666667,USD
INV000681,ACCT0072,2024-03-27,1979.1666666666667,USD
INV000682,ACCT0218,2025-11-01,79.16666666666666,USD
INV000683,ACCT0094,2025-06-11,83.33333333333333,USD
INV000684,ACCT0189,2025-09-28,875.0000000000001,USD
INV000685,ACCT0037,2024-11-18,833.3333333333334,USD
INV000686,ACCT0158,2025-03-05,87.5,USD
INV000687,ACCT0213,2024-12-05,791.6666666666666,USD
INV000688,ACCT0032,2024-03-18,416.6666666666667,USD
INV000689,ACCT0008,2025-11-03,395.8333333333333,USD
INV000690,ACCT0213,2025-06-10,875.0000000000001,USD
INV000691,ACCT0017,2025-06-29,2187.5000000000005,USD
INV000692,ACCT0069,2023-12-08,87.5,USD
INV000693,ACCT0006,2025-03-16,83.33333333333333,USD
INV000694,ACCT0190,2024-05-14,2083.3333333333335,USD
INV000695,ACCT0213,2025-02-16,791.6666666666666,USD
INV000696,ACCT0285,2024-12-09,2083.3333333333335,USD
INV000697,ACCT0250,2024-05-26,83.33333333333333,USD
INV000698,ACCT0169,2024-03-30,875.0000000000001,USD
INV000699,ACCT0038,2024-07-05,79.16666666666666,USD
INV000700,ACCT0179,2025-10-21,2083.3333333333335,USD
INV000701,ACCT0117,2024-05-31,2083.3333333333335,USD
INV000702,ACCT0059,2025-06-29,875.0000000000001,USD
INV000703,ACCT0180,2024-12-12,2187.5000000000005,USD
INV000704,ACCT0284,2025-07-03,875.0000000000001,USD
INV000705,ACCT0011,2024-05-28,875.0000000000001,USD
INV000706,ACCT0027,2025-10-12,833.3333333333334,USD
INV000707,ACCT0019,2025-05-22,416.6666666666667,USD
INV000708,ACCT0024,2024-03-06,833.3333333333334,USD
INV000709,ACCT0240,2024-03-12,1979.1666666666667,USD
INV000710,ACCT0090,2024-01-07,83.33333333333333,USD
INV000711,ACCT0292,2024-12-04,833.3333333333334,USD
INV000712,ACCT0194,2025-04-11,79.16666666666666,USD
INV000713,ACCT0294,2025-03-25,833.3333333333334,USD
INV000714,ACCT0113,2025-07-18,875.0000000000001,USD
INV000715,ACCT0061,2024-10-27,791.6666666666666,USD
INV000716,ACCT0132,2024-01-14,833.3333333333334,USD
INV000717,ACCT0158,2024-04-13,87.5,USD
INV000718,ACCT0226,2024-07-11,791.6666666666666,USD
INV000719,ACCT0187,2024-04-13,416.6666666666667,USD
INV000720,ACCT0123,2025-01-26,395.8333333333333,USD
INV000721,ACCT0085,2025-06-02,2187.5000000000005,USD
INV000722,ACCT0040,2025-10-17,791.6666666666666,USD
INV000723,ACCT0275,2025-06-25,791.6666666666666,USD
INV000724,ACCT0163,2024-07-30,416.6666666666667,USD
INV000725,ACCT0089,2025-05-17,833.3333333333334,USD
INV000726,ACCT0089,2024-12-01,833.3333333333334,USD
INV000727,ACCT0112,2024-06-15,2083.3333333333335,USD
INV000728,ACCT0241,2025-04-02,437.50000000000006,USD
INV000729,ACCT0156,2024-07-09,833.3333333333334,USD
INV000730,ACCT0173,2024-12-08,2083.3333333333335,USD
INV000731,ACCT0170,2024-08-13,79.16666666666666,USD
INV000732,ACCT0243,2024-12-03,1979.1666666666667,USD
INV000733,ACCT0109,2024-11-07,395.8333333333333,USD
INV000734,ACCT0095,2024-03-25,437.50000000000006,USD
INV000735,ACCT0134,2024-05-27,875.0000000000001,USD
INV000736,ACCT0262,2024-06-17,1979.1666666666667,USD
INV000737,ACCT0086,2024-09-27,83.33333333333333,USD
INV000738,ACCT0085,2025-11-09,1979.1666666666667,USD
INV000739,ACCT0053,2024-02-03,2187.5000000000005,USD
INV000740,ACCT0269,2024-12-15,395.8333333333333,USD
INV000741,ACCT0145,2025-10-31,87.5,USD
INV000742,ACCT0268,2024-01-31,83.33333333333333,USD
INV000743,ACCT0101,2024-11-05,87.5,USD
INV000744,ACCT0256,2024-12-28,833.3333333333334,USD
INV000745,ACCT0192,2024-08-02,437.50000000000006,USD
INV000746,ACCT0084,2024-02-17,87.5,USD
INV000747,ACCT0017,2024-06-30,2083.3333333333335,USD
INV000748,ACCT0277,2024-09-05,2083.3333333333335,USD
INV000749,ACCT0029,2024-06-18,83.33333333333333,USD
INV000750,ACCT0001,2024-07-27,791.6666666666666,USD
INV000751,ACCT0069,2024-12-05,79.16666666666666,USD
INV000752,ACCT0185,2023-12-08,395.8333333333333,USD
INV000753,ACCT0232,2025-04-28,416.6666666666667,USD
INV000754,ACCT0202,2024-06-16,83.33333333333333,USD
INV000755,ACCT0210,2023-12-01,416.6666666666667,USD
INV000756,ACCT0260,2024-08-04,875.0000000000001,USD
INV000757,ACCT0204,2024-01-12,437.50000000000006,USD
INV000758,ACCT0003,2024-12-06,2083.3333333333335,USD
INV000759,ACCT0207,2025-05-27,87.5,USD
INV000760,ACCT0296,2024-12-23,79.16666666666666,USD
INV000761,ACCT0205,2025-06-11,83.33333333333333,USD
INV000762,ACCT0285,2024-06-08,2083.3333333333335,USD
INV000763,ACCT0125,2024-01-13,791.6666666666666,USD
INV000764,ACCT0249,2025-08-07,833.3333333333334,USD
INV000765,ACCT0223,2025-09-21,833.3333333333334,USD
INV000766,ACCT0148,2023-12-15,416.6666666666667,USD
INV000767,ACCT0283,2024-10-14,875.0000000000001,USD
INV000768,ACCT0079,2025-02-16,83.33333333333333,USD
INV000769,ACCT0206,2024-05-06,2083.3333333333335,USD
INV000770,ACCT0299,2024-04-04,1979.1666666666667,USD
INV000771,ACCT0038,2024-01-24,87.5,USD
INV000772,ACCT0105,2024-03-17,1979.1666666666667,USD
INV000773,ACCT0002,2025-05-13,791.6666666666666,USD
INV000774,ACCT0020,2024-01-22,79.16666666666666,USD
INV000775,ACCT0230,2025-01-27,416.6666666666667,USD
INV000776,ACCT0145,2024-08-05,87.5,USD
INV000777,ACCT0262,2024-06-30,1979.1666666666667,USD
INV000778,ACCT0247,2024-11-24,2083.3333333333335,USD
INV000779,ACCT0177,2024-05-02,416.6666666666667,USD
INV000780,ACCT0202,2024-07-06,83.33333333333333,USD
INV000781,ACCT0028,2024-11-20,83.33333333333333,USD
INV000782,ACCT0113,2024-05-25,833.3333333333334,USD
INV000783,ACCT0071,2024-10-27,83.33333333333333,USD
INV000784,ACCT0037,2025-08-22,875.0000000000001,USD
INV000785,ACCT0284,2025-05-09,833.3333333333334,USD
INV000786,ACCT0144,2025-08-10,395.8333333333333,USD
INV000787,ACCT0188,2025-05-18,833.3333333333334,USD
INV000788,ACCT0138,2025-07-21,416.6666666666667,USD
INV000789,ACCT0122,2024-12-29,2083.3333333333335,USD
INV000790,ACCT0288,2023-11-28,416.6666666666667,USD
INV000791,ACCT0286,2024-09-29,875.0000000000001,USD
INV000792,ACCT0146,2025-05-31,416.6666666666667,USD
INV000793,ACCT0079,2024-10-08,83.33333333333333,USD
INV000794,ACCT0025,2024-05-11,395.8333333333333,USD
INV000795,ACCT0105,2024-01-17,2083.3333333333335,USD
INV000796,ACCT0199,2024-09-20,2083.3333333333335,USD
INV000797,ACCT0231,2025-01-11,79.16666666666666,USD
INV000798,ACCT0146,2024-04-04,416.6666666666667,USD
INV000799,ACCT0189,2025-05-30,833.3333333333334,USD
INV000800,ACCT0026,2024-03-23,1979.1666666666667,USD
INV000801,ACCT0262,2023-12-22,2083.3333333333335,USD
INV000802,ACCT0036,2025-02-21,2187.5000000000005,USD
INV000803,ACCT0278,2025-02-05,87.5,USD
INV000804,ACCT0105,2025-03-08,2083.3333333333335,USD
INV000805,ACCT0131,2024-06-08,395.8333333333333,USD
INV000806,ACCT0286,2025-09-16,875.0000000000001,USD
INV000807,ACCT0229,2024-11-24,83.33333333333333,USD
INV000808,ACCT0034,2024-02-03,395.8333333333333,USD
INV000809,ACCT0191,2025-03-28,833.3333333333334,USD
INV000810,ACCT0111,2024-06-10,416.6666666666667,USD
INV000811,ACCT0209,2025-07-04,833.3333333333334,USD
INV000812,ACCT0159,2025-06-08,83.33333333333333,USD
INV000813,ACCT0225,2024-02-27,875.0000000000001,USD
INV000814,ACCT0284,2025-07-31,875.0000000000001,USD
INV000815,ACCT0156,2024-07-09,875.0000000000001,USD
INV000816,ACCT0043,2025-01-11,2083.3333333333335,USD
INV000817,ACCT0238,2024-06-01,1979.1666666666667,USD
INV000818,ACCT0157,2024-10-13,833.3333333333334,USD
INV000819,ACCT0136,2024-11-13,87.5,USD
INV000820,ACCT0130,2025-11-14,83.33333333333333,USD
INV000821,ACCT0084,2024-01-14,83.33333333333333,USD
INV000822,ACCT0201,2025-02-10,833.3333333333334,USD
INV000823,ACCT0236,2024-10-07,87.5,USD
INV000824,ACCT0203,2025-06-02,395.8333333333333,USD
INV000825,ACCT0231,2025-05-06,87.5,USD
INV000826,ACCT0006,2024-10-29,79.16666666666666,USD
INV000827,ACCT0098,2025-10-27,833.3333333333334,USD
INV000828,ACCT0231,2025-07-19,83.33333333333333,USD
INV000829,ACCT0013,2025-03-09,2083.3333333333335,USD
INV000830,ACCT0097,2024-03-23,833.3333333333334,USD
INV000831,ACCT0217,2025-03-24,79.16666666666666,USD
INV000832,ACCT0171,2025-01-08,2083.3333333333335,USD
INV000833,ACCT0238,2024-05-13,2187.5000000000005,USD
INV000834,ACCT0070,2025-09-20,395.8333333333333,USD
INV000835,ACCT0207,2024-07-06,87.5,USD
INV000836,ACCT0156,2025-06-10,833.3333333333334,USD
INV000837,ACCT0225,2025-06-06,833.3333333333334,USD
INV000838,ACCT0246,2024-10-19,79.16666666666666,USD
INV000839,ACCT0135,2025-02-18,83.33333333333333,USD
INV000840,ACCT0001,2025-02-06,833.3333333333334,USD
INV000841,ACCT0273,2024-12-15,833.3333333333334,USD
INV000842,ACCT0130,2024-02-01,83.33333333333333,USD
INV000843,ACCT0169,2024-07-14,791.6666666666666,USD
INV000844,ACCT0046,2024-08-11,2187.5000000000005,USD
INV000845,ACCT0269,2024-09-03,416.6666666666667,USD
INV000846,ACCT0046,2024-10-01,2083.3333333333335,USD
INV000847,ACCT0220,2024-07-21,416.6666666666667,USD
INV000848,ACCT0189,2023-12-29,875.0000000000001,USD
INV000849,ACCT0052,2024-10-26,437.50000000000006,USD
INV000850,ACCT0132,2023-12-17,791.6666666666666,USD
INV000851,ACCT0059,2024-11-12,833.3333333333334,USD
INV000852,ACCT0236,2024-04-21,87.5,USD
INV000853,ACCT0123,2025-06-09,416.6666666666667,USD
INV000854,ACCT0207,2025-07-14,87.5,USD
INV000855,ACCT0155,2024-06-24,791.6666666666666,USD
INV000856,ACCT0258,2024-01-07,79.16666666666666,USD
INV000857,ACCT0121,2025-03-05,2187.5000000000005,USD
INV000858,ACCT0085,2025-07-19,2083.3333333333335,USD
INV000859,ACCT0123,2024-05-26,416.6666666666667,USD
INV000860,ACCT0031,2024-01-22,833.3333333333334,USD
INV000861,ACCT0146,2024-10-24,395.8333333333333,USD
INV000862,ACCT0298,2024-05-09,87.5,USD
INV000863,ACCT0249,2024-07-17,833.3333333333334,USD
INV000864,ACCT0130,2024-06-27,79.16666666666666,USD
INV000865,ACCT0045,2025-04-11,2187.5000000000005,USD
INV000866,ACCT0041,2024-09-15,833.3333333333334,USD
INV000867,ACCT0192,2025-09-01,416.6666666666667,USD
INV000868,ACCT0051,2024-04-21,87.5,USD
INV000869,ACCT0187,2024-05-23,416.6666666666667,USD
INV000870,ACCT0108,2024-02-09,416.6666666666667,USD
INV000871,ACCT0127,2025-01-05,791.6666666666666,USD
INV000872,ACCT0269,2025-01-31,416.6666666666667,USD
INV000873,ACCT0212,2024-04-23,791.6666666666666,USD
INV000874,ACCT0208,2024-06-07,791.6666666666666,USD
INV000875,ACCT0236,2024-08-18,83.33333333333333,USD
INV000876,ACCT0071,2025-04-26,79.16666666666666,USD
INV000877,ACCT0211,2024-12-27,416.6666666666667,USD
INV000878,ACCT0277,2025-02-06,1979.1666666666667,USD
INV000879,ACCT0188,2024-05-23,833.3333333333334,USD
INV000880,ACCT0109,2025-05-28,395.8333333333333,USD
INV000881,ACCT0100,2024-09-02,416.6666666666667,USD
INV000882,ACCT0055,2024-10-22,395.8333333333333,USD
INV000883,ACCT0145,2025-08-01,87.5,USD
INV000884,ACCT0185,2024-02-07,437.50000000000006,USD
INV000885,ACCT0246,2024-10-14,79.16666666666666,USD
INV000886,ACCT0169,2025-09-19,833.3333333333334,USD
INV000887,ACCT0089,2025-04-24,833.3333333333334,USD
INV000888,ACCT0115,2023-12-06,1979.1666666666667,USD
INV000889,ACCT0054,2025-08-19,875.0000000000001,USD
INV000890,ACCT0131,2025-11-08,416.6666666666667,USD
INV000891,ACCT0299,2024-06-18,1979.1666666666667,USD
INV000892,ACCT0011,2025-06-21,791.6666666666666,USD
INV000893,ACCT0010,2024-01-13,2083.3333333333335,USD
INV000894,ACCT0093,2025-08-11,2083.3333333333335,USD
INV000895,ACCT0232,2024-03-15,437.50000000000006,USD
INV000896,ACCT0155,2025-01-10,833.3333333333334,USD
INV000897,ACCT0039,2024-09-28,791.6666666666666,USD
INV000898,ACCT0024,2024-04-23,833.3333333333334,USD
INV000899,ACCT0132,2025-08-02,875.0000000000001,USD
INV000900,ACCT0170,2024-04-05,83.33333333333333,USD
INV000901,ACCT0245,2023-12-09,416.6666666666667,USD
INV000902,ACCT0279,2025-06-04,2187.5000000000005,USD
INV000903,ACCT0229,2025-01-25,87.5,USD
INV000904,ACCT0271,2024-08-01,875.0000000000001,USD
INV000905,ACCT0227,2024-07-30,437.50000000000006,USD
INV000906,ACCT0205,2025-05-08,83.33333333333333,USD
INV000907,ACCT0139,2024-05-28,791.6666666666666,USD
INV000908,ACCT0034,2025-03-20,416.6666666666667,USD
INV000909,ACCT0275,2025-11-06,833.3333333333334,USD
INV000910,ACCT0263,2025-01-16,875.0000000000001,USD
INV000911,ACCT0076,2024-03-15,833.3333333333334,USD
INV000912,ACCT0022,2024-01-01,2187.5000000000005,USD
INV000913,ACCT0180,2025-06-01,2083.3333333333335,USD
INV000914,ACCT0222,2024-04-01,83.33333333333333,USD
INV000915,ACCT0196,2024-12-15,791.6666666666666,USD
INV000916,ACCT0097,2024-09-27,833.3333333333334,USD
INV000917,ACCT0230,2024-04-11,416.6666666666667,USD
INV000918,ACCT0025,2024-06-28,395.8333333333333,USD
INV000919,ACCT0238,2025-03-25,2083.3333333333335,USD
INV000920,ACCT0261,2024-06-03,416.6666666666667,USD
INV000921,ACCT0197,2025-10-09,83.33333333333333,USD
INV000922,ACCT0067,2025-11-04,791.6666666666666,USD
INV000923,ACCT0158,2024-08-02,79.16666666666666,USD
INV000924,ACCT0184,2024-12-14,395.8333333333333,USD
INV000925,ACCT0241,2024-08-04,416.6666666666667,USD
INV000926,ACCT0066,2024-06-14,83.33333333333333,USD
INV000927,ACCT0163,2025-08-23,437.50000000000006,USD
INV000928,ACCT0141,2025-03-13,833.3333333333334,USD
INV000929,ACCT0201,2025-10-28,833.3333333333334,USD
INV000930,ACCT0249,2025-11-11,833.3333333333334,USD
INV000931,ACCT0182,2024-08-18,2083.3333333333335,USD
INV000932,ACCT0215,2025-01-11,395.8333333333333,USD
INV000933,ACCT0087,2024-05-26,2083.3333333333335,USD
INV000934,ACCT0016,2025-07-02,791.6666666666666,USD
INV000935,ACCT0274,2025-11-08,87.5,USD
INV000936,ACCT0096,2025-03-14,437.50000000000006,USD
INV000937,ACCT0034,2025-01-17,416.6666666666667,USD
INV000938,ACCT0117,2025-02-18,2083.3333333333335,USD
INV000939,ACCT0216,2024-08-14,395.8333333333333,USD
INV000940,ACCT0124,2024-05-29,875.0000000000001,USD
INV000941,ACCT0173,2024-02-21,2187.5000000000005,USD
INV000942,ACCT0140,2024-12-23,791.6666666666666,USD
INV000943,ACCT0179,2025-11-15,2083.3333333333335,USD
INV000944,ACCT0215,2024-02-14,416.6666666666667,USD
INV000945,ACCT0015,2025-10-03,87.5,USD
INV000946,ACCT0075,2023-12-09,2083.3333333333335,USD
INV000947,ACCT0202,2025-07-12,83.33333333333333,USD
INV000948,ACCT0069,2025-07-21,79.16666666666666,USD
INV000949,ACCT0118,2025-11-10,83.33333333333333,USD
INV000950,ACCT0026,2024-08-28,2083.3333333333335,USD
INV000951,ACCT0156,2024-08-11,833.3333333333334,USD
INV000952,ACCT0113,2025-06-21,875.0000000000001,USD
INV000953,ACCT0032,2025-05-23,416.6666666666667,USD
INV000954,ACCT0043,2024-05-15,1979.1666666666667,USD
INV000955,ACCT0281,2024-06-02,2083.3333333333335,USD
INV000956,ACCT0103,2024-06-15,2083.3333333333335,USD
INV000957,ACCT0271,2024-07-26,833.3333333333334,USD
INV000958,ACCT0161,2024-10-18,416.6666666666667,USD
INV000959,ACCT0260,2025-08-21,791.6666666666666,USD
INV000960,ACCT0266,2025-05-18,87.5,USD
INV000961,ACCT0300,2024-01-17,2083.3333333333335,USD
INV000962,ACCT0021,2025-05-08,87.5,USD
INV000963,ACCT0024,2024-07-30,833.3333333333334,USD
INV000964,ACCT0172,2024-12-24,833.3333333333334,USD
INV000965,ACCT0063,2025-04-24,1979.1666666666667,USD
INV000966,ACCT0235,2024-08-23,833.3333333333334,USD
INV000967,ACCT0067,2025-03-25,833.3333333333334,USD
INV000968,ACCT0293,2024-09-06,875.0000000000001,USD
INV000969,ACCT0287,2025-10-17,83.33333333333333,USD
INV000970,ACCT0228,2024-08-01,833.3333333333334,USD
INV000971,ACCT0264,2024-07-30,83.33333333333333,USD
INV000972,ACCT0061,2024-08-06,833.3333333333334,USD
INV000973,ACCT0001,2024-02-13,833.3333333333334,USD
INV000974,ACCT0144,2024-02-23,416.6666666666667,USD
INV000975,ACCT0214,2025-07-16,2187.5000000000005,USD
INV000976,ACCT0158,2025-04-14,79.16666666666666,USD
INV000977,ACCT0059,2025-03-25,791.6666666666666,USD
INV000978,ACCT0171,2025-08-06,2083.3333333333335,USD
INV000979,ACCT0212,2025-05-19,875.0000000000001,USD
INV000980,ACCT0154,2023-11-28,2083.3333333333335,USD
INV000981,ACCT0034,2024-07-10,437.50000000000006,USD
INV000982,ACCT0231,2024-07-02,83.33333333333333,USD
INV000983,ACCT0118,2025-02-22,83.33333333333333,USD
INV000984,ACCT0070,2023-12-30,395.8333333333333,USD
INV000985,ACCT0135,2025-02-16,87.5,USD
INV000986,ACCT0293,2025-06-14,791.6666666666666,USD
INV000987,ACCT0225,2024-02-26,833.3333333333334,USD
INV000988,ACCT0077,2025-10-30,416.6666666666667,USD
INV000989,ACCT0115,2024-10-11,2083.3333333333335,USD
INV000990,ACCT0048,2024-03-21,791.6666666666666,USD
INV000991,ACCT0107,2025-05-19,2083.3333333333335,USD
INV000992,ACCT0011,2024-01-08,833.3333333333334,USD
INV000993,ACCT0237,2024-02-23,2083.3333333333335,USD
INV000994,ACCT0238,2023-12-14,2083.3333333333335,USD
INV000995,ACCT0060,2024-09-22,416.6666666666667,USD
INV000996,ACCT0293,2024-05-04,833.3333333333334,USD
INV000997,ACCT0266,2024-06-16,87.5,USD
INV000998,ACCT0159,2024-02-21,87.5,USD
INV000999,ACCT0257,2024-12-17,1979.1666666666667,USD
INV001000,ACCT0160,2025-03-07,87.5,USD
INV001001,ACCT0247,2025-08-25,2187.5000000000005,USD
INV001002,ACCT0078,2025-07-12,833.3333333333334,USD
INV001003,ACCT0140,2025-02-26,875.0000000000001,USD
INV001004,ACCT0063,2023-11-26,2083.3333333333335,USD
INV001005,ACCT0160,2025-09-29,83.33333333333333,USD
INV001006,ACCT0046,2024-05-25,2083.3333333333335,USD
INV001007,ACCT0020,2024-10-06,87.5,USD
INV001008,ACCT0014,2025-06-06,87.5,USD
INV001009,ACCT0052,2024-01-28,416.6666666666667,USD
INV001010,ACCT0019,2025-07-12,437.50000000000006,USD
INV001011,ACCT0264,2024-04-04,83.33333333333333,USD
INV001012,ACCT0137,2025-09-05,2083.3333333333335,USD
INV001013,ACCT0075,2024-01-31,2083.3333333333335,USD
INV001014,ACCT0169,2024-11-06,833.3333333333334,USD
INV001015,ACCT0054,2025-08-05,833.3333333333334,USD
INV001016,ACCT0143,2024-07-15,833.3333333333334,USD
INV001017,ACCT0137,2025-09-06,2083.3333333333335,USD
INV001018,ACCT0030,2025-09-27,875.0000000000001,USD
INV001019,ACCT0170,2024-02-10,79.16666666666666,USD
INV001020,ACCT0238,2023-11-27,1979.1666666666667,USD
INV001021,ACCT0023,2024-08-01,416.6666666666667,USD
INV001022,ACCT0235,2025-06-23,833.3333333333334,USD
INV001023,ACCT0293,2025-01-08,833.3333333333334,USD
INV001024,ACCT0044,2025-01-13,83.33333333333333,USD
INV001025,ACCT0018,2024-02-23,83.33333333333333,USD
INV001026,ACCT0103,2025-07-03,1979.1666666666667,USD
INV001027,ACCT0205,2024-11-28,79.16666666666666,USD
INV001028,ACCT0054,2024-01-07,791.6666666666666,USD
INV001029,ACCT0195,2025-07-04,2187.5000000000005,USD
INV001030,ACCT0109,2025-04-17,437.50000000000006,USD
INV001031,ACCT0199,2025-06-06,2083.3333333333335,USD
INV001032,ACCT0250,2024-12-31,83.33333333333333,USD
INV001033,ACCT0096,2024-02-12,395.8333333333333,USD
INV001034,ACCT0213,2024-01-20,791.6666666666666,USD
INV001035,ACCT0160,2025-11-02,87.5,USD
INV001036,ACCT0280,2025-01-24,2187.5000000000005,USD
INV001037,ACCT0134,2025-01-09,833.3333333333334,USD
INV001038,ACCT0029,2025-03-12,79.16666666666666,USD
INV001039,ACCT0252,2023-12-21,87.5,USD
INV001040,ACCT0048,2024-03-05,833.3333333333334,USD
INV001041,ACCT0126,2025-10-20,2083.3333333333335,USD
INV001042,ACCT0239,2025-08-07,833.3333333333334,USD
INV001043,ACCT0021,2025-10-14,83.33333333333333,USD
INV001044,ACCT0106,2025-05-18,416.6666666666667,USD
INV001045,ACCT0276,2025-07-19,2083.3333333333335,USD
INV001046,ACCT0028,2024-10-02,87.5,USD
INV001047,ACCT0169,2025-06-18,833.3333333333334,USD
INV001048,ACCT0057,2024-11-16,87.5,USD
INV001049,ACCT0169,2024-11-12,833.3333333333334,USD
INV001050,ACCT0009,2025-06-07,875.0000000000001,USD
INV001051,ACCT0240,2025-11-13,1979.1666666666667,USD
INV001052,ACCT0215,2025-04-26,416.6666666666667,USD
INV001053,ACCT0027,2024-09-09,833.3333333333334,USD
INV001054,ACCT0252,2025-09-24,87.5,USD
INV001055,ACCT0072,2025-11-06,1979.1666666666667,USD
INV001056,ACCT0224,2024-03-01,395.8333333333333,USD
INV001057,ACCT0300,2025-11-12,2083.3333333333335,USD
INV001058,ACCT0258,2024-08-05,83.33333333333333,USD
INV001059,ACCT0107,2024-01-01,2083.3333333333335,USD
INV001060,ACCT0041,2024-07-07,833.3333333333334,USD
INV001061,ACCT0156,2025-09-17,875.0000000000001,USD
INV001062,ACCT0228,2025-01-13,791.6666666666666,USD
INV001063,ACCT0219,2025-07-08,83.33333333333333,USD
INV001064,ACCT0036,2025-03-03,2083.3333333333335,USD
INV001065,ACCT0175,2025-06-06,1979.1666666666667,USD
INV001066,ACCT0023,2024-03-11,416.6666666666667,USD
INV001067,ACCT0046,2025-06-26,2083.3333333333335,USD
INV001068,ACCT0041,2024-03-13,875.0000000000001,USD
INV001069,ACCT0020,2024-10-07,87.5,USD
INV001070,ACCT0191,2024-11-11,833.3333333333334,USD
INV001071,ACCT0188,2024-08-23,833.3333333333334,USD
INV001072,ACCT0017,2024-05-18,2187.5000000000005,USD
INV001073,ACCT0287,2024-09-04,79.16666666666666,USD
INV001074,ACCT0248,2025-03-16,416.6666666666667,USD
INV001075,ACCT0243,2024-01-16,1979.1666666666667,USD
INV001076,ACCT0028,2024-12-26,87.5,USD
INV001077,ACCT0249,2025-02-22,791.6666666666666,USD
INV001078,ACCT0070,2024-06-14,416.6666666666667,USD
INV001079,ACCT0144,2025-03-22,416.6666666666667,USD
INV001080,ACCT0181,2025-08-03,87.5,USD
INV001081,ACCT0239,2023-12-14,833.3333333333334,USD
INV001082,ACCT0152,2024-12-20,395.8333333333333,USD
INV001083,ACCT0246,2025-02-23,79.16666666666666,USD
INV001084,ACCT0235,2025-04-30,791.6666666666666,USD
INV001085,ACCT0266,2025-04-03,83.33333333333333,USD
INV001086,ACCT0188,2024-01-08,791.6666666666666,USD
INV001087,ACCT0245,2024-11-18,416.6666666666667,USD
INV001088,ACCT0024,2025-07-15,875.0000000000001,USD
INV001089,ACCT0024,2025-08-31,833.3333333333334,USD
INV001090,ACCT0181,2024-08-02,79.16666666666666,USD
INV001091,ACCT0255,2025-05-15,791.6666666666666,USD
INV001092,ACCT0133,2024-04-28,79.16666666666666,USD
INV001093,ACCT0145,2024-09-02,79.16666666666666,USD
INV001094,ACCT0182,2024-07-09,2083.3333333333335,USD
INV001095,ACCT0185,2024-08-15,416.6666666666667,USD
INV001096,ACCT0157,2024-02-04,833.3333333333334,USD
INV001097,ACCT0247,2025-01-06,1979.1666666666667,USD
INV001098,ACCT0206,2025-05-06,1979.1666666666667,USD
INV001099,ACCT0038,2024-06-20,79.16666666666666,USD
INV001100,ACCT0045,2024-09-29,1979.1666666666667,USD
INV001101,ACCT0082,2024-06-17,437.50000000000006,USD
INV001102,ACCT0060,2025-07-27,416.6666666666667,USD
INV001103,ACCT0236,2024-09-10,79.16666666666666,USD
INV001104,ACCT0286,2025-02-25,875.0000000000001,USD
INV001105,ACCT0136,2025-05-15,79.16666666666666,USD
INV001106,ACCT0279,2024-08-08,2083.3333333333335,USD
INV001107,ACCT0170,2025-02-19,87.5,USD
INV001108,ACCT0040,2024-04-21,833.3333333333334,USD
INV001109,ACCT0016,2025-11-05,791.6666666666666,USD
INV001110,ACCT0055,2025-06-14,416.6666666666667,USD
INV001111,ACCT0180,2025-09-07,1979.1666666666667,USD
INV001112,ACCT0269,2025-09-01,437.50000000000006,USD
INV001113,ACCT0248,2024-11-19,416.6666666666667,USD
INV001114,ACCT0104,2025-11-02,83.33333333333333,USD
INV001115,ACCT0273,2025-01-02,791.6666666666666,USD
INV001116,ACCT0104,2024-01-19,87.5,USD
INV001117,ACCT0193,2024-02-04,79.16666666666666,USD
INV001118,ACCT0218,2025-03-03,79.16666666666666,USD
INV001119,ACCT0144,2023-11-30,416.6666666666667,USD
INV001120,ACCT0198,2024-04-29,79.16666666666666,USD
INV001121,ACCT0172,2025-09-26,875.0000000000001,USD
INV001122,ACCT0091,2024-09-17,416.6666666666667,USD
INV001123,ACCT0123,2024-04-13,416.6666666666667,USD
INV001124,ACCT0110,2024-11-20,83.33333333333333,USD
INV001125,ACCT0229,2024-02-19,87.5,USD
INV001126,ACCT0298,2024-11-10,83.33333333333333,USD
INV001127,ACCT0230,2025-08-11,416.6666666666667,USD
INV001128,ACCT0145,2025-02-10,79.16666666666666,USD
INV001129,ACCT0087,2024-12-17,2083.3333333333335,USD
INV001130,ACCT0230,2025-01-02,437.50000000000006,USD
INV001131,ACCT0233,2024-05-10,833.3333333333334,USD
INV001132,ACCT0042,2024-01-14,416.6666666666667,USD
INV001133,ACCT0193,2025-10-01,79.16666666666666,USD
INV001134,ACCT0267,2025-01-19,2083.3333333333335,USD
INV001135,ACCT0202,2025-01-16,79.16666666666666,USD
INV001136,ACCT0033,2025-08-07,1979.1666666666667,USD
INV001137,ACCT0159,2024-03-06,79.16666666666666,USD
INV001138,ACCT0238,2025-10-19,2083.3333333333335,USD
INV001139,ACCT0118,2025-11-02,87.5,USD
INV001140,ACCT0249,2024-11-28,791.6666666666666,USD
INV001141,ACCT0264,2024-07-15,83.33333333333333,USD
INV001142,ACCT0065,2025-08-08,83.33333333333333,USD
INV001143,ACCT0272,2024-11-26,2083.3333333333335,USD
INV001144,ACCT0231,2025-07-27,83.33333333333333,USD
INV001145,ACCT0066,2025-07-07,83.33333333333333,USD
INV001146,ACCT0160,2024-06-01,87.5,USD
INV001147,ACCT0144,2025-09-05,395.8333333333333,USD
INV001148,ACCT0128,2024-07-08,83.33333333333333,USD
INV001149,ACCT0132,2025-03-31,875.0000000000001,USD
INV001150,ACCT0262,2025-09-07,2187.5000000000005,USD
INV001151,ACCT0190,2024-01-09,2187.5000000000005,USD
INV001152,ACCT0116,2024-04-17,833.3333333333334,USD
INV001153,ACCT0099,2025-06-27,83.33333333333333,USD
INV001154,ACCT0036,2024-08-05,2083.3333333333335,USD
INV001155,ACCT0041,2025-07-06,875.0000000000001,USD
INV001156,ACCT0060,2024-05-14,437.50000000000006,USD
INV001157,ACCT0233,2024-06-01,833.3333333333334,USD
INV001158,ACCT0068,2025-04-20,875.0000000000001,USD
INV001159,ACCT0180,2024-05-21,2187.5000000000005,USD
INV001160,ACCT0175,2025-08-03,2083.3333333333335,USD
INV001161,ACCT0029,2025-08-07,83.33333333333333,USD
INV001162,ACCT0275,2025-01-16,833.3333333333334,USD
INV001163,ACCT0265,2025-11-08,83.33333333333333,USD
INV001164,ACCT0100,2025-11-08,416.6666666666667,USD
INV001165,ACCT0215,2024-05-18,416.6666666666667,USD
INV001166,ACCT0172,2024-01-22,833.3333333333334,USD
INV001167,ACCT0299,2025-08-27,1979.1666666666667,USD
INV001168,ACCT0274,2024-07-24,83.33333333333333,USD
INV001169,ACCT0052,2024-06-23,395.8333333333333,USD
INV001170,ACCT0224,2025-01-27,395.8333333333333,USD
INV001171,ACCT0265,2025-08-13,79.16666666666666,USD
INV001172,ACCT0162,2024-09-26,2083.3333333333335,USD
INV001173,ACCT0067,2024-11-24,791.6666666666666,USD
INV001174,ACCT0045,2024-03-04,1979.1666666666667,USD
INV001175,ACCT0165,2024-08-01,791.6666666666666,USD
INV001176,ACCT0148,2024-06-13,416.6666666666667,USD
INV001177,ACCT0054,2023-12-11,791.6666666666666,USD
INV001178,ACCT0180,2025-09-28,1979.1666666666667,USD
INV001179,ACCT0139,2024-10-30,833.3333333333334,USD
INV001180,ACCT0146,2024-03-29,416.6666666666667,USD
INV001181,ACCT0014,2024-11-25,83.33333333333333,USD
INV001182,ACCT0102,2024-08-08,2083.3333333333335,USD
INV001183,ACCT0212,2025-09-24,833.3333333333334,USD
INV001184,ACCT0258,2025-03-05,83.33333333333333,USD
INV001185,ACCT0019,2025-03-14,395.8333333333333,USD
INV001186,ACCT0075,2024-10-28,2083.3333333333335,USD
INV001187,ACCT0151,2024-06-08,2083.3333333333335,USD
INV001188,ACCT0037,2024-08-20,791.6666666666666,USD
INV001189,ACCT0145,2024-07-03,83.33333333333333,USD
INV001190,ACCT0012,2024-11-19,83.33333333333333,USD
INV001191,ACCT0229,2024-12-23,83.33333333333333,USD
INV001192,ACCT0250,2024-01-03,79.16666666666666,USD
INV001193,ACCT0214,2024-07-15,2083.3333333333335,USD
INV001194,ACCT0190,2024-06-18,1979.1666666666667,USD
INV001195,ACCT0226,2024-06-10,833.3333333333334,USD
INV001196,ACCT0081,2025-06-28,833.3333333333334,USD
INV001197,ACCT0012,2025-02-08,87.5,USD
INV001198,ACCT0162,2024-02-08,2187.5000000000005,USD
INV001199,ACCT0261,2025-04-13,437.50000000000006,USD
