ticket_id,account_id,created_at,resolved_at,priority,status,csat
TCKT00001,ACCT0044,2025-07-08T06:12:57.892290,2025-07-14T06:12:57.892290,low,resolved,4
TCKT00002,ACCT0299,2025-04-04T06:12:57.892334,2025-04-05T06:12:57.892334,med,resolved,
TCKT00003,ACCT0194,2025-01-06T06:12:57.892350,2025-01-08T06:12:57.892350,med,resolved,
TCKT00004,ACCT0203,2024-12-29T06:12:57.892364,2025-01-08T06:12:57.892364,low,resolved,5
TCKT00005,ACCT0195,2024-10-29T06:12:57.892379,2024-11-04T06:12:57.892379,med,resolved,2
TCKT00006,ACCT0060,2025-06-20T06:12:57.892393,2025-06-25T06:12:57.892393,high,resolved,
TCKT00007,ACCT0018,2025-05-04T06:12:57.892407,2025-05-04T06:12:57.892407,high,open,
TCKT00008,ACCT0226,2025-05-06T06:12:57.892425,2025-05-06T06:12:57.892425,low,resolved,5
TCKT00009,ACCT0139,2025-08-19T06:12:57.892441,2025-08-29T06:12:57.892441,med,open,1
TCKT00010,ACCT0084,2025-06-22T06:12:57.892456,2025-06-28T06:12:57.892456,high,resolved,2
TCKT00011,ACCT0126,2024-12-06T06:12:57.892471,2024-12-15T06:12:57.892471,med,resolved,
TCKT00012,ACCT0265,2025-03-09T06:12:57.892486,2025-03-18T06:12:57.892486,high,resolved,4
TCKT00013,ACCT0229,2025-10-10T06:12:57.892499,2025-10-12T06:12:57.892499,med,open,4
TCKT00014,ACCT0257,2025-08-12T06:12:57.892513,2025-08-22T06:12:57.892513,low,open,3
TCKT00015,ACCT0123,2025-08-01T06:12:57.892526,2025-08-06T06:12:57.892526,low,open,5
TCKT00016,ACCT0133,2025-07-01T06:12:57.892539,2025-07-08T06:12:57.892539,high,open,
TCKT00017,ACCT0068,2025-08-12T06:12:57.892553,2025-08-13T06:12:57.892553,med,open,5
TCKT00018,ACCT0131,2024-12-29T06:12:57.892567,2025-01-02T06:12:57.892567,low,open,3
TCKT00019,ACCT0047,2024-11-24T06:12:57.892580,2024-12-03T06:12:57.892580,med,resolved,4
TCKT00020,ACCT0227,2025-03-20T06:12:57.892594,2025-03-26T06:12:57.892594,low,open,3
TCKT00021,ACCT0006,2025-09-27T06:12:57.892626,2025-09-29T06:12:57.892626,low,open,3
TCKT00022,ACCT0040,2025-01-27T06:12:57.892640,2025-01-28T06:12:57.892640,high,resolved,3
TCKT00023,ACCT0267,2025-08-01T06:12:57.892654,2025-08-02T06:12:57.892654,low,open,5
TCKT00024,ACCT0175,2025-04-28T06:12:57.892667,2025-04-28T06:12:57.892667,high,resolved,
TCKT00025,ACCT0032,2025-09-13T06:12:57.892680,2025-09-13T06:12:57.892680,low,open,5
TCKT00026,ACCT0232,2025-04-03T06:12:57.892694,2025-04-12T06:12:57.892694,med,resolved,5
TCKT00027,ACCT0002,2025-08-14T06:12:57.892722,2025-08-18T06:12:57.892722,high,open,5
TCKT00028,ACCT0094,2025-01-20T06:12:57.892737,2025-01-20T06:12:57.892737,med,resolved,1
TCKT00029,ACCT0192,2025-10-03T06:12:57.892750,2025-10-05T06:12:57.892750,low,open,1
TCKT00030,ACCT0062,2025-10-02T06:12:57.892764,2025-10-08T06:12:57.892764,low,resolved,2
TCKT00031,ACCT0169,2025-10-19T06:12:57.892778,2025-10-20T06:12:57.892778,med,resolved,1
TCKT00032,ACCT0244,2025-01-08T06:12:57.892794,2025-01-12T06:12:57.892794,low,resolved,
TCKT00033,ACCT0014,2025-11-09T06:12:57.892808,2025-11-13T06:12:57.892808,low,resolved,5
TCKT00034,ACCT0183,2025-10-25T06:12:57.892823,2025-10-29T06:12:57.892823,low,resolved,1
TCKT00035,ACCT0096,2025-06-06T06:12:57.892838,2025-06-07T06:12:57.892838,low,resolved,
TCKT00036,ACCT0191,2025-10-27T06:12:57.892853,2025-11-03T06:12:57.892853,high,open,1
TCKT00037,ACCT0025,2025-10-14T06:12:57.892866,2025-10-24T06:12:57.892866,med,open,5
TCKT00038,ACCT0168,2024-12-21T06:12:57.892880,2024-12-28T06:12:57.892880,high,resolved,
TCKT00039,ACCT0091,2025-05-13T06:12:57.892893,2025-05-13T06:12:57.892893,high,resolved,2
TCKT00040,ACCT0067,2025-08-09T06:12:57.892910,2025-08-17T06:12:57.892910,high,resolved,5
TCKT00041,ACCT0214,2025-03-23T06:12:57.892924,2025-03-27T06:12:57.892924,med,open,
TCKT00042,ACCT0210,2025-10-23T06:12:57.892938,2025-10-23T06:12:57.892938,low,resolved,2
TCKT00043,ACCT0086,2025-04-16T06:12:57.892951,2025-04-20T06:12:57.892951,med,open,4
TCKT00044,ACCT0026,2024-11-02T06:12:57.892965,2024-11-10T06:12:57.892965,high,resolved,4
TCKT00045,ACCT0222,2025-07-29T06:12:57.892979,2025-07-29T06:12:57.892979,med,open,5
TCKT00046,ACCT0170,2025-07-17T06:12:57.892993,2025-07-25T06:12:57.892993,low,open,3
TCKT00047,ACCT0220,2025-07-04T06:12:57.893006,2025-07-08T06:12:57.893006,low,open,2
TCKT00048,ACCT0241,2025-10-24T06:12:57.893020,2025-10-31T06:12:57.893020,low,resolved,4
TCKT00049,ACCT0187,2025-01-12T06:12:57.893033,2025-01-22T06:12:57.893033,med,open,1
TCKT00050,ACCT0031,2025-11-09T06:12:57.893047,2025-11-14T06:12:57.893047,med,open,1
TCKT00051,ACCT0246,2025-05-09T06:12:57.893060,2025-05-18T06:12:57.893060,high,resolved,4
TCKT00052,ACCT0220,2025-04-01T06:12:57.893074,2025-04-04T06:12:57.893074,med,open,3
TCKT00053,ACCT0012,2025-08-20T06:12:57.893088,2025-08-28T06:12:57.893088,med,resolved,5
TCKT00054,ACCT0087,2024-10-29T06:12:57.893102,2024-10-31T06:12:57.893102,med,open,5
TCKT00055,ACCT0241,2025-10-03T06:12:57.893115,2025-10-13T06:12:57.893115,low,open,1
TCKT00056,ACCT0222,2024-11-08T06:12:57.893129,2024-11-16T06:12:57.893129,med,open,5
TCKT00057,ACCT0120,2025-06-29T06:12:57.893144,2025-07-02T06:12:57.893144,low,resolved,3
TCKT00058,ACCT0051,2024-11-12T06:12:57.893158,2024-11-18T06:12:57.893158,med,open,4
TCKT00059,ACCT0158,2025-07-01T06:12:57.893173,2025-07-01T06:12:57.893173,low,open,1
TCKT00060,ACCT0131,2025-02-21T06:12:57.893187,2025-03-02T06:12:57.893187,med,resolved,3
TCKT00061,ACCT0098,2025-09-20T06:12:57.893201,2025-09-29T06:12:57.893201,high,open,
TCKT00062,ACCT0237,2025-02-27T06:12:57.893217,2025-03-02T06:12:57.893217,high,resolved,4
TCKT00063,ACCT0064,2025-04-16T06:12:57.893231,2025-04-22T06:12:57.893231,med,open,4
TCKT00064,ACCT0043,2025-08-13T06:12:57.893245,2025-08-18T06:12:57.893245,med,open,2
TCKT00065,ACCT0257,2025-10-17T06:12:57.893263,2025-10-24T06:12:57.893263,med,open,5
TCKT00066,ACCT0013,2025-07-24T06:12:57.893276,2025-08-01T06:12:57.893276,low,open,3
TCKT00067,ACCT0056,2024-11-10T06:12:57.893290,2024-11-13T06:12:57.893290,med,open,3
TCKT00068,ACCT0035,2025-02-10T06:12:57.893304,2025-02-10T06:12:57.893304,low,resolved,
TCKT00069,ACCT0202,2025-08-10T06:12:57.893318,2025-08-18T06:12:57.893318,med,resolved,5
TCKT00070,ACCT0008,2024-12-14T06:12:57.893332,2024-12-20T06:12:57.893332,med,open,5
TCKT00071,ACCT0170,2025-10-15T06:12:57.893345,2025-10-19T06:12:57.893345,med,resolved,3
TCKT00072,ACCT0294,2025-09-16T06:12:57.893361,2025-09-22T06:12:57.893361,med,open,4
TCKT00073,ACCT0128,2024-10-24T06:12:57.893374,2024-10-24T06:12:57.893374,med,open,5
TCKT00074,ACCT0022,2025-08-23T06:12:57.893389,2025-09-01T06:12:57.893389,med,resolved,1
TCKT00075,ACCT0299,2025-09-14T06:12:57.893403,2025-09-17T06:12:57.893403,high,open,3
TCKT00076,ACCT0108,2025-10-10T06:12:57.893417,2025-10-16T06:12:57.893417,high,resolved,3
TCKT00077,ACCT0072,2025-04-19T06:12:57.893430,2025-04-29T06:12:57.893430,med,open,
TCKT00078,ACCT0100,2025-08-03T06:12:57.893446,2025-08-07T06:12:57.893446,med,resolved,1
TCKT00079,ACCT0217,2025-10-25T06:12:57.893460,2025-11-04T06:12:57.893460,high,open,3
TCKT00080,ACCT0211,2025-06-11T06:12:57.893474,2025-06-11T06:12:57.893474,med,resolved,
TCKT00081,ACCT0202,2024-11-16T06:12:57.893487,2024-11-17T06:12:57.893487,med,open,5
TCKT00082,ACCT0099,2025-03-08T06:12:57.893501,2025-03-08T06:12:57.893501,high,open,3
TCKT00083,ACCT0083,2024-12-17T06:12:57.893514,2024-12-23T06:12:57.893514,low,open,3
TCKT00084,ACCT0090,2025-07-15T06:12:57.893528,2025-07-19T06:12:57.893528,med,resolved,3
TCKT00085,ACCT0120,2025-07-07T06:12:57.893542,2025-07-16T06:12:57.893542,high,open,4
TCKT00086,ACCT0015,2025-03-30T06:12:57.893573,2025-04-04T06:12:57.893573,med,open,1
TCKT00087,ACCT0180,2024-10-30T06:12:57.893587,2024-10-30T06:12:57.893587,high,resolved,4
TCKT00088,ACCT0031,2025-10-30T06:12:57.893601,2025-10-31T06:12:57.893601,med,open,5
TCKT00089,ACCT0186,2025-09-27T06:12:57.893615,2025-10-03T06:12:57.893615,high,resolved,3
TCKT00090,ACCT0125,2025-07-21T06:12:57.893628,2025-07-26T06:12:57.893628,high,resolved,3
TCKT00091,ACCT0119,2025-09-01T06:12:57.893642,2025-09-10T06:12:57.893642,med,open,2
TCKT00092,ACCT0266,2025-04-12T06:12:57.893656,2025-04-17T06:12:57.893656,high,open,5
TCKT00093,ACCT0058,2025-06-30T06:12:57.893671,2025-07-06T06:12:57.893671,low,open,4
TCKT00094,ACCT0182,2025-02-15T06:12:57.893685,2025-02-16T06:12:57.893685,med,resolved,3
TCKT00095,ACCT0097,2025-08-10T06:12:57.893698,2025-08-18T06:12:57.893698,high,open,
TCKT00096,ACCT0071,2025-01-01T06:12:57.893712,2025-01-01T06:12:57.893712,med,open,2
TCKT00097,ACCT0219,2025-04-23T06:12:57.893726,2025-05-03T06:12:57.893726,high,resolved,1
TCKT00098,ACCT0181,2025-03-15T06:12:57.893742,2025-03-16T06:12:57.893742,med,open,2
TCKT00099,ACCT0190,2025-06-23T06:12:57.893756,2025-06-23T06:12:57.893756,med,resolved,2
TCKT00100,ACCT0034,2025-07-14T06:12:57.893770,2025-07-21T06:12:57.893770,med,open,4
TCKT00101,ACCT0209,2025-09-20T06:12:57.893784,2025-09-25T06:12:57.893784,low,resolved,
TCKT00102,ACCT0138,2025-05-24T06:12:57.893797,2025-05-29T06:12:57.893797,low,resolved,2
TCKT00103,ACCT0240,2025-06-09T06:12:57.893811,2025-06-14T06:12:57.893811,high,resolved,3
TCKT00104,ACCT0138,2025-07-26T06:12:57.893826,2025-08-02T06:12:57.893826,high,open,2
TCKT00105,ACCT0251,2025-05-10T06:12:57.893840,2025-05-15T06:12:57.893840,low,open,4
TCKT00106,ACCT0146,2024-11-05T06:12:57.893854,2024-11-09T06:12:57.893854,low,open,2
TCKT00107,ACCT0175,2025-05-27T06:12:57.893869,2025-05-29T06:12:57.893869,high,resolved,4
TCKT00108,ACCT0155,2025-05-11T06:12:57.893882,2025-05-16T06:12:57.893882,low,resolved,1
TCKT00109,ACCT0151,2024-11-11T06:12:57.893897,2024-11-21T06:12:57.893897,med,open,4
TCKT00110,ACCT0290,2025-02-27T06:12:57.893912,2025-03-03T06:12:57.893912,low,open,2
TCKT00111,ACCT0119,2024-10-31T06:12:57.893926,2024-11-08T06:12:57.893926,med,resolved,3
TCKT00112,ACCT0067,2025-05-07T06:12:57.893939,2025-05-14T06:12:57.893939,med,open,2
TCKT00113,ACCT0022,2025-02-04T06:12:57.893952,2025-02-09T06:12:57.893952,low,resolved,2
TCKT00114,ACCT0196,2024-10-17T06:12:57.893966,2024-10-21T06:12:57.893966,high,resolved,5
TCKT00115,ACCT0133,2025-01-02T06:12:57.893980,2025-01-11T06:12:57.893980,med,open,3
TCKT00116,ACCT0269,2024-12-10T06:12:57.893994,2024-12-12T06:12:57.893994,med,resolved,2
TCKT00117,ACCT0094,2024-10-16T06:12:57.894008,2024-10-25T06:12:57.894008,low,open,
TCKT00118,ACCT0133,2025-03-22T06:12:57.894021,2025-03-23T06:12:57.894021,low,open,3
TCKT00119,ACCT0088,2024-12-18T06:12:57.894035,2024-12-22T06:12:57.894035,high,resolved,1
TCKT00120,ACCT0032,2025-07-12T06:12:57.894049,2025-07-16T06:12:57.894049,high,resolved,1
TCKT00121,ACCT0058,2024-12-31T06:12:57.894063,2025-01-03T06:12:57.894063,med,resolved,5
TCKT00122,ACCT0116,2025-07-24T06:12:57.894077,2025-07-30T06:12:57.894077,med,resolved,3
TCKT00123,ACCT0259,2025-10-22T06:12:57.894091,2025-10-27T06:12:57.894091,high,resolved,1
TCKT00124,ACCT0108,2024-10-19T06:12:57.894104,2024-10-22T06:12:57.894104,med,open,3
TCKT00125,ACCT0146,2025-11-08T06:12:57.894118,2025-11-08T06:12:57.894118,low,open,3
TCKT00126,ACCT0277,2025-10-24T06:12:57.894136,2025-10-31T06:12:57.894136,high,open,
TCKT00127,ACCT0142,2025-03-19T06:12:57.894145,2025-03-19T06:12:57.894145,med,open,4
TCKT00128,ACCT0071,2025-03-07T06:12:57.894153,2025-03-16T06:12:57.894153,med,resolved,2
TCKT00129,ACCT0014,2024-10-15T06:12:57.894162,2024-10-19T06:12:57.894162,high,resolved,2
TCKT00130,ACCT0253,2025-06-16T06:12:57.894172,2025-06-19T06:12:57.894172,high,open,3
TCKT00131,ACCT0089,2024-11-26T06:12:57.894180,2024-12-01T06:12:57.894180,med,resolved,5
TCKT00132,ACCT0041,2025-03-09T06:12:57.894188,2025-03-11T06:12:57.894188,high,open,
TCKT00133,ACCT0036,2025-07-12T06:12:57.894196,2025-07-14T06:12:57.894196,med,resolved,1
TCKT00134,ACCT0149,2025-03-04T06:12:57.894205,2025-03-09T06:12:57.894205,low,open,5
TCKT00135,ACCT0214,2024-12-31T06:12:57.894212,2025-01-10T06:12:57.894212,med,resolved,5
TCKT00136,ACCT0160,2025-05-16T06:12:57.894223,2025-05-18T06:12:57.894223,high,open,
TCKT00137,ACCT0276,2025-06-12T06:12:57.894231,2025-06-13T06:12:57.894231,low,open,5
TCKT00138,ACCT0271,2024-11-07T06:12:57.894239,2024-11-16T06:12:57.894239,med,resolved,2
TCKT00139,ACCT0031,2025-10-01T06:12:57.894246,2025-10-06T06:12:57.894246,low,open,2
TCKT00140,ACCT0122,2025-05-15T06:12:57.894254,2025-05-16T06:12:57.894254,low,resolved,2
TCKT00141,ACCT0238,2025-05-27T06:12:57.894262,2025-06-03T06:12:57.894262,med,resolved,
TCKT00142,ACCT0208,2025-05-20T06:12:57.894270,2025-05-20T06:12:57.894270,low,open,2
TCKT00143,ACCT0139,2025-10-22T06:12:57.894279,2025-10-22T06:12:57.894279,low,resolved,
TCKT00144,ACCT0128,2024-12-13T06:12:57.894287,2024-12-15T06:12:57.894287,med,open,1
TCKT00145,ACCT0010,2025-05-25T06:12:57.894294,2025-05-27T06:12:57.894294,med,open,1
TCKT00146,ACCT0243,2025-01-06T06:12:57.894303,2025-01-08T06:12:57.894303,high,open,5
TCKT00147,ACCT0056,2025-04-09T06:12:57.894311,2025-04-10T06:12:57.894311,low,open,1
TCKT00148,ACCT0094,2025-03-17T06:12:57.894318,2025-03-17T06:12:57.894318,med,open,2
TCKT00149,ACCT0219,2025-04-16T06:12:57.894326,2025-04-17T06:12:57.894326,high,open,4
TCKT00150,ACCT0147,2024-12-07T06:12:57.894335,2024-12-16T06:12:57.894335,med,open,5
TCKT00151,ACCT0085,2025-01-31T06:12:57.894343,2025-02-07T06:12:57.894343,med,resolved,3
TCKT00152,ACCT0192,2025-02-23T06:12:57.894352,2025-03-02T06:12:57.894352,med,open,4
TCKT00153,ACCT0219,2025-07-10T06:12:57.894360,2025-07-16T06:12:57.894360,high,resolved,4
TCKT00154,ACCT0172,2024-10-31T06:12:57.894368,2024-11-08T06:12:57.894368,high,open,5
TCKT00155,ACCT0114,2025-02-11T06:12:57.894376,2025-02-13T06:12:57.894376,high,resolved,5
TCKT00156,ACCT0138,2024-11-11T06:12:57.894384,2024-11-20T06:12:57.894384,med,resolved,3
TCKT00157,ACCT0067,2025-05-09T06:12:57.894392,2025-05-12T06:12:57.894392,med,resolved,3
TCKT00158,ACCT0071,2025-10-03T06:12:57.894399,2025-10-12T06:12:57.894399,high,resolved,3
TCKT00159,ACCT0191,2024-11-15T06:12:57.894407,2024-11-25T06:12:57.894407,high,resolved,
TCKT00160,ACCT0025,2024-11-07T06:12:57.894415,2024-11-14T06:12:57.894415,high,open,3
TCKT00161,ACCT0088,2025-07-03T06:12:57.894423,2025-07-05T06:12:57.894423,high,resolved,5
TCKT00162,ACCT0048,2024-12-05T06:12:57.894430,2024-12-12T06:12:57.894430,low,open,3
TCKT00163,ACCT0290,2025-06-21T06:12:57.894542,2025-06-22T06:12:57.894542,med,open,4
TCKT00164,ACCT0203,2025-06-05T06:12:57.894553,2025-06-12T06:12:57.894553,med,resolved,2
TCKT00165,ACCT0268,2025-02-19T06:12:57.894560,2025-02-22T06:12:57.894560,high,resolved,1
TCKT00166,ACCT0242,2025-04-14T06:12:57.894568,2025-04-24T06:12:57.894568,low,resolved,
TCKT00167,ACCT0236,2025-10-10T06:12:57.894576,2025-10-14T06:12:57.894576,med,open,3
TCKT00168,ACCT0279,2024-12-03T06:12:57.894586,2024-12-08T06:12:57.894586,low,resolved,4
TCKT00169,ACCT0273,2025-05-07T06:12:57.894594,2025-05-11T06:12:57.894594,high,resolved,2
TCKT00170,ACCT0023,2025-03-11T06:12:57.894602,2025-03-12T06:12:57.894602,med,resolved,
TCKT00171,ACCT0240,2025-08-31T06:12:57.894610,2025-09-03T06:12:57.894610,low,open,
TCKT00172,ACCT0032,2025-08-01T06:12:57.894618,2025-08-05T06:12:57.894618,low,resolved,4
TCKT00173,ACCT0117,2025-07-05T06:12:57.894626,2025-07-06T06:12:57.894626,low,open,4
TCKT00174,ACCT0142,2024-10-30T06:12:57.894636,2024-11-09T06:12:57.894636,high,open,3
TCKT00175,ACCT0094,2024-11-20T06:12:57.894644,2024-11-23T06:12:57.894644,high,open,5
TCKT00176,ACCT0062,2025-02-19T06:12:57.894652,2025-02-21T06:12:57.894652,med,resolved,4
TCKT00177,ACCT0246,2025-01-05T06:12:57.894660,2025-01-07T06:12:57.894660,med,open,5
TCKT00178,ACCT0290,2024-12-02T06:12:57.894667,2024-12-08T06:12:57.894667,high,open,4
TCKT00179,ACCT0104,2025-09-04T06:12:57.894675,2025-09-13T06:12:57.894675,low,resolved,4
TCKT00180,ACCT0164,2025-03-10T06:12:57.894683,2025-03-11T06:12:57.894683,low,resolved,3
TCKT00181,ACCT0106,2025-05-11T06:12:57.894690,2025-05-19T06:12:57.894690,high,open,3
TCKT00182,ACCT0182,2025-05-05T06:12:57.894698,2025-05-08T06:12:57.894698,med,resolved,4
TCKT00183,ACCT0058,2025-09-27T06:12:57.894706,2025-09-30T06:12:57.894706,high,open,3
TCKT00184,ACCT0032,2025-10-29T06:12:57.894714,2025-11-03T06:12:57.894714,low,resolved,
TCKT00185,ACCT0048,2025-08-07T06:12:57.894722,2025-08-11T06:12:57.894722,med,open,
TCKT00186,ACCT0158,2024-10-22T06:12:57.894729,2024-10-29T06:12:57.894729,low,resolved,
TCKT00187,ACCT0181,2024-12-18T06:12:57.894737,2024-12-24T06:12:57.894737,low,resolved,4
TCKT00188,ACCT0204,2024-12-07T06:12:57.894744,2024-12-07T06:12:57.894744,med,resolved,4
TCKT00189,ACCT0108,2025-06-03T06:12:57.894752,2025-06-11T06:12:57.894752,low,resolved,1
TCKT00190,ACCT0184,2025-08-01T06:12:57.894760,2025-08-07T06:12:57.894760,med,resolved,4
TCKT00191,ACCT0277,2025-06-11T06:12:57.894768,2025-06-12T06:12:57.894768,med,resolved,1
TCKT00192,ACCT0045,2025-02-26T06:12:57.894775,2025-02-27T06:12:57.894775,low,open,3
TCKT00193,ACCT0189,2025-09-26T06:12:57.894783,2025-10-05T06:12:57.894783,high,resolved,3
TCKT00194,ACCT0291,2025-04-14T06:12:57.894792,2025-04-21T06:12:57.894792,low,open,1
TCKT00195,ACCT0115,2025-02-12T06:12:57.894800,2025-02-20T06:12:57.894800,high,open,
TCKT00196,ACCT0048,2025-03-04T06:12:57.894808,2025-03-13T06:12:57.894808,med,resolved,5
TCKT00197,ACCT0241,2025-02-03T06:12:57.894815,2025-02-13T06:12:57.894815,low,resolved,5
TCKT00198,ACCT0042,2025-05-16T06:12:57.894824,2025-05-22T06:12:57.894824,low,resolved,4
TCKT00199,ACCT0174,2025-01-18T06:12:57.894831,2025-01-27T06:12:57.894831,high,open,
TCKT00200,ACCT0064,2025-02-26T06:12:57.894841,2025-03-03T06:12:57.894841,high,resolved,3
TCKT00201,ACCT0166,2025-08-26T06:12:57.894848,2025-08-27T06:12:57.894848,low,open,1
TCKT00202,ACCT0186,2025-03-31T06:12:57.894858,2025-04-10T06:12:57.894858,med,open,5
TCKT00203,ACCT0036,2024-11-12T06:12:57.894865,2024-11-17T06:12:57.894865,high,open,5
TCKT00204,ACCT0212,2025-04-23T06:12:57.894873,2025-04-30T06:12:57.894873,high,resolved,
TCKT00205,ACCT0241,2024-12-20T06:12:57.894880,2024-12-28T06:12:57.894880,low,open,4
TCKT00206,ACCT0275,2025-11-11T06:12:57.894889,2025-11-21T06:12:57.894889,high,resolved,1
TCKT00207,ACCT0209,2025-03-28T06:12:57.894897,2025-04-01T06:12:57.894897,med,open,3
TCKT00208,ACCT0202,2025-01-17T06:12:57.894905,2025-01-17T06:12:57.894905,med,open,2
TCKT00209,ACCT0194,2025-10-02T06:12:57.894912,2025-10-04T06:12:57.894912,low,resolved,5
TCKT00210,ACCT0107,2025-04-06T06:12:57.894920,2025-04-06T06:12:57.894920,low,open,2
TCKT00211,ACCT0189,2025-01-15T06:12:57.894928,2025-01-21T06:12:57.894928,low,resolved,2
TCKT00212,ACCT0094,2025-04-23T06:12:57.894935,2025-05-02T06:12:57.894935,med,open,
TCKT00213,ACCT0294,2025-05-11T06:12:57.894943,2025-05-14T06:12:57.894943,med,resolved,1
TCKT00214,ACCT0003,2025-06-16T06:12:57.894950,2025-06-24T06:12:57.894950,low,resolved,3
TCKT00215,ACCT0065,2025-04-11T06:12:57.894958,2025-04-17T06:12:57.894958,low,open,4
TCKT00216,ACCT0165,2025-08-02T06:12:57.894966,2025-08-08T06:12:57.894966,high,resolved,
TCKT00217,ACCT0167,2025-09-20T06:12:57.894973,2025-09-27T06:12:57.894973,low,open,2
TCKT00218,ACCT0194,2024-10-21T06:12:57.894981,2024-10-21T06:12:57.894981,med,resolved,2
TCKT00219,ACCT0097,2025-05-14T06:12:57.894989,2025-05-17T06:12:57.894989,high,resolved,3
TCKT00220,ACCT0140,2025-09-05T06:12:57.894996,2025-09-07T06:12:57.894996,med,resolved,5
TCKT00221,ACCT0268,2025-09-11T06:12:57.895004,2025-09-13T06:12:57.895004,low,resolved,3
TCKT00222,ACCT0264,2025-01-19T06:12:57.895011,2025-01-29T06:12:57.895011,low,resolved,2
TCKT00223,ACCT0105,2025-08-04T06:12:57.895019,2025-08-13T06:12:57.895019,med,resolved,1
TCKT00224,ACCT0090,2024-12-19T06:12:57.895027,2024-12-27T06:12:57.895027,high,resolved,1
TCKT00225,ACCT0144,2025-10-27T06:12:57.895035,2025-10-28T06:12:57.895035,high,open,
TCKT00226,ACCT0241,2025-04-08T06:12:57.895044,2025-04-13T06:12:57.895044,high,resolved,1
TCKT00227,ACCT0215,2025-01-13T06:12:57.895053,2025-01-18T06:12:57.895053,med,open,2
TCKT00228,ACCT0193,2024-12-30T06:12:57.895061,2025-01-07T06:12:57.895061,med,open,
TCKT00229,ACCT0001,2025-04-18T06:12:57.895069,2025-04-18T06:12:57.895069,high,resolved,
TCKT00230,ACCT0027,2024-12-06T06:12:57.895076,2024-12-10T06:12:57.895076,high,open,4
TCKT00231,ACCT0290,2025-06-11T06:12:57.895085,2025-06-15T06:12:57.895085,low,open,
TCKT00232,ACCT0244,2024-11-17T06:12:57.895094,2024-11-21T06:12:57.895094,high,open,4
TCKT00233,ACCT0028,2024-12-13T06:12:57.895101,2024-12-15T06:12:57.895101,high,resolved,
TCKT00234,ACCT0139,2024-12-22T06:12:57.895109,2024-12-30T06:12:57.895109,low,open,2
TCKT00235,ACCT0172,2025-05-29T06:12:57.895117,2025-06-01T06:12:57.895117,med,open,3
TCKT00236,ACCT0103,2025-07-31T06:12:57.895125,2025-08-04T06:12:57.895125,med,open,2
TCKT00237,ACCT0161,2024-12-10T06:12:57.895132,2024-12-19T06:12:57.895132,med,open,3
TCKT00238,ACCT0081,2025-02-03T06:12:57.895141,2025-02-08T06:12:57.895141,high,open,5
TCKT00239,ACCT0162,2024-11-02T06:12:57.895149,2024-11-12T06:12:57.895149,high,open,5
TCKT00240,ACCT0109,2025-08-25T06:12:57.895157,2025-08-26T06:12:57.895157,med,open,2
TCKT00241,ACCT0156,2025-08-17T06:12:57.895167,2025-08-22T06:12:57.895167,med,resolved,3
TCKT00242,ACCT0248,2025-05-28T06:12:57.895180,2025-06-07T06:12:57.895180,low,open,
TCKT00243,ACCT0003,2025-04-03T06:12:57.895193,2025-04-03T06:12:57.895193,low,resolved,3
TCKT00244,ACCT0200,2025-11-04T06:12:57.895211,2025-11-12T06:12:57.895211,high,open,1
TCKT00245,ACCT0105,2025-04-10T06:12:57.895221,2025-04-13T06:12:57.895221,med,resolved,2
TCKT00246,ACCT0044,2025-03-25T06:12:57.895229,2025-04-02T06:12:57.895229,med,open,5
TCKT00247,ACCT0078,2024-11-05T06:12:57.895237,2024-11-14T06:12:57.895237,low,open,2
TCKT00248,ACCT0294,2025-01-24T06:12:57.895245,2025-01-30T06:12:57.895245,low,open,3
TCKT00249,ACCT0076,2025-09-28T06:12:57.895253,2025-10-07T06:12:57.895253,high,open,5
TCKT00250,ACCT0083,2025-07-22T06:12:57.895261,2025-07-25T06:12:57.895261,med,resolved,3
TCKT00251,ACCT0139,2024-11-21T06:12:57.895269,2024-12-01T06:12:57.895269,med,resolved,5
TCKT00252,ACCT0234,2025-06-05T06:12:57.895287,2025-06-11T06:12:57.895287,med,open,4
TCKT00253,ACCT0016,2024-10-27T06:12:57.895295,2024-10-27T06:12:57.895295,high,open,
TCKT00254,ACCT0281,2025-03-04T06:12:57.895303,2025-03-12T06:12:57.895303,med,resolved,3
TCKT00255,ACCT0180,2025-01-21T06:12:57.895312,2025-01-26T06:12:57.895312,high,resolved,3
TCKT00256,ACCT0225,2025-01-24T06:12:57.895320,2025-01-26T06:12:57.895320,high,open,3
TCKT00257,ACCT0162,2025-07-08T06:12:57.895328,2025-07-15T06:12:57.895328,med,resolved,2
TCKT00258,ACCT0222,2025-10-31T06:12:57.895335,2025-11-03T06:12:57.895335,low,open,3
TCKT00259,ACCT0248,2025-09-13T06:12:57.895343,2025-09-21T06:12:57.895343,med,open,
TCKT00260,ACCT0016,2025-09-25T06:12:57.895350,2025-09-26T06:12:57.895350,med,open,2
TCKT00261,ACCT0203,2024-10-30T06:12:57.895358,2024-11-01T06:12:57.895358,low,open,5
TCKT00262,ACCT0213,2025-02-27T06:12:57.895366,2025-03-01T06:12:57.895366,high,resolved,3
TCKT00263,ACCT0021,2025-02-22T06:12:57.895373,2025-03-02T06:12:57.895373,high,resolved,4
TCKT00264,ACCT0287,2025-03-08T06:12:57.895385,2025-03-12T06:12:57.895385,low,resolved,5
TCKT00265,ACCT0161,2025-08-13T06:12:57.895399,2025-08-23T06:12:57.895399,low,resolved,4
TCKT00266,ACCT0021,2025-08-20T06:12:57.895411,2025-08-26T06:12:57.895411,high,open,
TCKT00267,ACCT0222,2025-01-15T06:12:57.895424,2025-01-24T06:12:57.895424,high,resolved,1
TCKT00268,ACCT0072,2025-07-13T06:12:57.895447,2025-07-17T06:12:57.895447,high,resolved,1
TCKT00269,ACCT0197,2025-01-13T06:12:57.895455,2025-01-21T06:12:57.895455,med,open,4
TCKT00270,ACCT0155,2025-01-10T06:12:57.895463,2025-01-17T06:12:57.895463,low,resolved,3
TCKT00271,ACCT0004,2025-04-03T06:12:57.895471,2025-04-12T06:12:57.895471,low,open,4
TCKT00272,ACCT0030,2024-10-14T06:12:57.895479,2024-10-18T06:12:57.895479,high,open,1
TCKT00273,ACCT0164,2025-09-03T06:12:57.895486,2025-09-08T06:12:57.895486,low,resolved,1
TCKT00274,ACCT0285,2025-03-10T06:12:57.895494,2025-03-19T06:12:57.895494,med,open,1
TCKT00275,ACCT0010,2025-07-16T06:12:57.895502,2025-07-22T06:12:57.895502,med,open,
TCKT00276,ACCT0143,2024-10-24T06:12:57.895509,2024-11-02T06:12:57.895509,med,open,2
TCKT00277,ACCT0258,2024-12-09T06:12:57.895517,2024-12-10T06:12:57.895517,med,open,
TCKT00278,ACCT0051,2025-11-11T06:12:57.895525,2025-11-12T06:12:57.895525,med,resolved,1
TCKT00279,ACCT0282,2025-06-02T06:12:57.895533,2025-06-03T06:12:57.895533,med,open,
TCKT00280,ACCT0015,2025-01-15T06:12:57.895541,2025-01-21T06:12:57.895541,high,resolved,2
TCKT00281,ACCT0255,2025-02-01T06:12:57.895549,2025-02-06T06:12:57.895549,med,open,2
TCKT00282,ACCT0001,2025-06-11T06:12:57.895557,2025-06-19T06:12:57.895557,low,open,4
TCKT00283,ACCT0076,2025-04-25T06:12:57.895564,2025-04-28T06:12:57.895564,med,resolved,5
TCKT00284,ACCT0257,2025-08-23T06:12:57.895572,2025-08-23T06:12:57.895572,low,open,4
TCKT00285,ACCT0129,2025-08-30T06:12:57.895580,2025-09-05T06:12:57.895580,med,resolved,1
TCKT00286,ACCT0283,2025-01-03T06:12:57.895587,2025-01-11T06:12:57.895587,high,resolved,1
TCKT00287,ACCT0158,2025-05-18T06:12:57.895595,2025-05-18T06:12:57.895595,med,open,4
TCKT00288,ACCT0049,2025-01-10T06:12:57.895603,2025-01-18T06:12:57.895603,high,open,4
TCKT00289,ACCT0195,2025-01-25T06:12:57.895611,2025-01-29T06:12:57.895611,med,resolved,5
TCKT00290,ACCT0071,2025-10-28T06:12:57.895619,2025-11-01T06:12:57.895619,med,open,5
TCKT00291,ACCT0093,2025-06-26T06:12:57.895627,2025-07-06T06:12:57.895627,high,open,2
TCKT00292,ACCT0230,2025-02-05T06:12:57.895634,2025-02-12T06:12:57.895634,med,open,4
TCKT00293,ACCT0141,2025-02-07T06:12:57.895642,2025-02-17T06:12:57.895642,low,open,3
TCKT00294,ACCT0280,2025-05-24T06:12:57.895650,2025-05-28T06:12:57.895650,med,resolved,2
TCKT00295,ACCT0272,2025-09-14T06:12:57.895658,2025-09-16T06:12:57.895658,high,resolved,1
TCKT00296,ACCT0236,2025-03-09T06:12:57.895667,2025-03-10T06:12:57.895667,low,resolved,1
TCKT00297,ACCT0023,2025-08-11T06:12:57.895675,2025-08-19T06:12:57.895675,high,resolved,5
TCKT00298,ACCT0151,2025-05-21T06:12:57.895683,2025-05-23T06:12:57.895683,high,resolved,4
TCKT00299,ACCT0018,2025-06-06T06:12:57.895690,2025-06-12T06:12:57.895690,med,resolved,3
TCKT00300,ACCT0248,2025-08-24T06:12:57.895698,2025-08-29T06:12:57.895698,med,resolved,4
TCKT00301,ACCT0230,2024-12-13T06:12:57.895706,2024-12-13T06:12:57.895706,med,open,
TCKT00302,ACCT0181,2025-08-14T06:12:57.895714,2025-08-23T06:12:57.895714,high,resolved,5
TCKT00303,ACCT0266,2024-12-12T06:12:57.895721,2024-12-13T06:12:57.895721,med,open,4
TCKT00304,ACCT0264,2025-07-09T06:12:57.895730,2025-07-09T06:12:57.895730,med,resolved,4
TCKT00305,ACCT0296,2025-11-05T06:12:57.895737,2025-11-12T06:12:57.895737,high,open,3
TCKT00306,ACCT0170,2025-03-13T06:12:57.895745,2025-03-17T06:12:57.895745,high,open,5
TCKT00307,ACCT0153,2025-02-04T06:12:57.895753,2025-02-04T06:12:57.895753,med,open,1
TCKT00308,ACCT0126,2025-07-25T06:12:57.895760,2025-07-26T06:12:57.895760,med,resolved,1
TCKT00309,ACCT0263,2025-07-26T06:12:57.895768,2025-07-27T06:12:57.895768,low,resolved,
TCKT00310,ACCT0141,2025-10-13T06:12:57.895827,2025-10-13T06:12:57.895827,med,resolved,
TCKT00311,ACCT0150,2025-03-18T06:12:57.895835,2025-03-22T06:12:57.895835,high,resolved,
TCKT00312,ACCT0269,2024-11-25T06:12:57.895843,2024-12-02T06:12:57.895843,high,resolved,4
TCKT00313,ACCT0168,2025-05-02T06:12:57.895851,2025-05-04T06:12:57.895851,low,resolved,1
TCKT00314,ACCT0233,2025-06-01T06:12:57.895859,2025-06-01T06:12:57.895859,high,open,
TCKT00315,ACCT0030,2025-03-06T06:12:57.895867,2025-03-11T06:12:57.895867,low,resolved,
TCKT00316,ACCT0294,2025-05-29T06:12:57.895874,2025-06-08T06:12:57.895874,med,open,5
TCKT00317,ACCT0012,2025-03-01T06:12:57.895882,2025-03-05T06:12:57.895882,low,open,1
TCKT00318,ACCT0077,2025-09-16T06:12:57.895890,2025-09-24T06:12:57.895890,med,open,3
TCKT00319,ACCT0103,2024-10-16T06:12:57.895898,2024-10-26T06:12:57.895898,high,resolved,5
TCKT00320,ACCT0147,2024-11-12T06:12:57.895908,2024-11-12T06:12:57.895908,low,resolved,1
TCKT00321,ACCT0208,2025-09-05T06:12:57.895916,2025-09-06T06:12:57.895916,med,resolved,
TCKT00322,ACCT0231,2025-09-04T06:12:57.895923,2025-09-10T06:12:57.895923,med,resolved,1
TCKT00323,ACCT0017,2025-04-08T06:12:57.895931,2025-04-08T06:12:57.895931,med,open,5
TCKT00324,ACCT0129,2025-07-14T06:12:57.895939,2025-07-20T06:12:57.895939,high,resolved,
TCKT00325,ACCT0256,2025-06-02T06:12:57.895947,2025-06-10T06:12:57.895947,high,open,5
TCKT00326,ACCT0066,2025-10-19T06:12:57.895954,2025-10-25T06:12:57.895954,med,resolved,3
TCKT00327,ACCT0154,2025-05-28T06:12:57.895964,2025-05-29T06:12:57.895964,high,open,2
TCKT00328,ACCT0223,2025-05-01T06:12:57.895972,2025-05-02T06:12:57.895972,med,resolved,3
TCKT00329,ACCT0229,2024-12-12T06:12:57.895979,2024-12-15T06:12:57.895979,med,resolved,1
TCKT00330,ACCT0044,2025-01-09T06:12:57.895987,2025-01-16T06:12:57.895987,high,resolved,3
TCKT00331,ACCT0186,2025-01-11T06:12:57.895995,2025-01-13T06:12:57.895995,high,open,2
TCKT00332,ACCT0121,2025-08-24T06:12:57.896003,2025-08-26T06:12:57.896003,high,resolved,5
TCKT00333,ACCT0206,2024-10-22T06:12:57.896011,2024-10-27T06:12:57.896011,med,resolved,2
TCKT00334,ACCT0165,2025-07-20T06:12:57.896019,2025-07-25T06:12:57.896019,med,open,4
TCKT00335,ACCT0106,2025-01-05T06:12:57.896027,2025-01-14T06:12:57.896027,high,open,5
TCKT00336,ACCT0163,2025-08-27T06:12:57.896034,2025-09-05T06:12:57.896034,med,resolved,5
TCKT00337,ACCT0014,2025-05-10T06:12:57.896042,2025-05-10T06:12:57.896042,high,resolved,
TCKT00338,ACCT0071,2024-10-12T06:12:57.896050,2024-10-14T06:12:57.896050,low,resolved,5
TCKT00339,ACCT0129,2025-05-06T06:12:57.896058,2025-05-10T06:12:57.896058,med,resolved,3
TCKT00340,ACCT0230,2025-01-06T06:12:57.896066,2025-01-08T06:12:57.896066,high,open,4
TCKT00341,ACCT0242,2025-01-03T06:12:57.896073,2025-01-06T06:12:57.896073,med,open,2
TCKT00342,ACCT0159,2024-12-23T06:12:57.896081,2024-12-30T06:12:57.896081,med,open,1
TCKT00343,ACCT0206,2025-05-30T06:12:57.896090,2025-06-03T06:12:57.896090,high,open,4
TCKT00344,ACCT0112,2025-10-06T06:12:57.896098,2025-10-16T06:12:57.896098,low,open,
TCKT00345,ACCT0042,2025-03-14T06:12:57.896105,2025-03-19T06:12:57.896105,med,resolved,4
TCKT00346,ACCT0025,2025-09-24T06:12:57.896113,2025-10-01T06:12:57.896113,high,resolved,4
TCKT00347,ACCT0222,2025-06-11T06:12:57.896121,2025-06-17T06:12:57.896121,high,open,4
TCKT00348,ACCT0210,2025-07-21T06:12:57.896128,2025-07-26T06:12:57.896128,med,open,5
TCKT00349,ACCT0011,2025-08-21T06:12:57.896136,2025-08-21T06:12:57.896136,high,resolved,
TCKT00350,ACCT0137,2024-12-03T06:12:57.896144,2024-12-07T06:12:57.896144,low,resolved,
TCKT00351,ACCT0216,2025-09-19T06:12:57.896152,2025-09-29T06:12:57.896152,low,resolved,4
TCKT00352,ACCT0095,2025-06-14T06:12:57.896161,2025-06-21T06:12:57.896161,high,open,5
TCKT00353,ACCT0252,2025-01-08T06:12:57.896169,2025-01-09T06:12:57.896169,med,resolved,2
TCKT00354,ACCT0158,2025-06-24T06:12:57.896178,2025-06-25T06:12:57.896178,high,open,2
TCKT00355,ACCT0055,2025-10-20T06:12:57.896186,2025-10-21T06:12:57.896186,high,resolved,3
TCKT00356,ACCT0052,2025-10-26T06:12:57.896194,2025-10-30T06:12:57.896194,low,open,4
TCKT00357,ACCT0271,2025-09-29T06:12:57.896202,2025-10-05T06:12:57.896202,high,open,4
TCKT00358,ACCT0149,2025-06-21T06:12:57.896210,2025-06-22T06:12:57.896210,med,resolved,3
TCKT00359,ACCT0165,2025-04-19T06:12:57.896219,2025-04-29T06:12:57.896219,low,open,2
TCKT00360,ACCT0234,2024-10-13T06:12:57.896226,2024-10-17T06:12:57.896226,high,resolved,3
TCKT00361,ACCT0290,2025-05-08T06:12:57.896234,2025-05-15T06:12:57.896234,high,resolved,5
TCKT00362,ACCT0119,2024-10-18T06:12:57.896242,2024-10-21T06:12:57.896242,med,open,4
TCKT00363,ACCT0095,2025-07-26T06:12:57.896254,2025-08-05T06:12:57.896254,high,resolved,5
TCKT00364,ACCT0052,2025-11-10T06:12:57.896268,2025-11-16T06:12:57.896268,low,resolved,1
TCKT00365,ACCT0122,2025-08-11T06:12:57.896281,2025-08-12T06:12:57.896281,med,open,
TCKT00366,ACCT0253,2025-04-07T06:12:57.896291,2025-04-14T06:12:57.896291,med,resolved,3
TCKT00367,ACCT0093,2025-11-03T06:12:57.896299,2025-11-10T06:12:57.896299,high,resolved,5
TCKT00368,ACCT0300,2025-04-22T06:12:57.896307,2025-04-23T06:12:57.896307,high,resolved,4
TCKT00369,ACCT0184,2025-10-27T06:12:57.896316,2025-11-02T06:12:57.896316,high,resolved,4
TCKT00370,ACCT0017,2025-06-15T06:12:57.896324,2025-06-15T06:12:57.896324,high,resolved,3
TCKT00371,ACCT0002,2025-06-16T06:12:57.896332,2025-06-17T06:12:57.896332,med,resolved,3
TCKT00372,ACCT0206,2025-10-11T06:12:57.896340,2025-10-12T06:12:57.896340,high,open,5
TCKT00373,ACCT0075,2025-06-12T06:12:57.896347,2025-06-16T06:12:57.896347,high,resolved,2
TCKT00374,ACCT0123,2025-02-20T06:12:57.896355,2025-02-26T06:12:57.896355,high,resolved,5
TCKT00375,ACCT0087,2025-09-12T06:12:57.896364,2025-09-21T06:12:57.896364,high,resolved,1
TCKT00376,ACCT0046,2024-12-11T06:12:57.896372,2024-12-15T06:12:57.896372,med,resolved,2
TCKT00377,ACCT0046,2024-11-15T06:12:57.896379,2024-11-16T06:12:57.896379,high,open,
TCKT00378,ACCT0099,2024-12-13T06:12:57.896387,2024-12-20T06:12:57.896387,low,resolved,5
TCKT00379,ACCT0028,2025-07-10T06:12:57.896395,2025-07-16T06:12:57.896395,low,resolved,5
TCKT00380,ACCT0010,2025-11-05T06:12:57.896402,2025-11-14T06:12:57.896402,med,resolved,4
TCKT00381,ACCT0041,2025-05-13T06:12:57.896410,2025-05-17T06:12:57.896410,high,resolved,3
TCKT00382,ACCT0016,2025-08-05T06:12:57.896418,2025-08-06T06:12:57.896418,med,open,2
TCKT00383,ACCT0126,2025-01-05T06:12:57.896425,2025-01-06T06:12:57.896425,high,open,2
TCKT00384,ACCT0190,2024-11-04T06:12:57.896433,2024-11-10T06:12:57.896433,low,resolved,2
TCKT00385,ACCT0294,2025-03-22T06:12:57.896440,2025-03-23T06:12:57.896440,low,resolved,
TCKT00386,ACCT0232,2025-03-12T06:12:57.896448,2025-03-13T06:12:57.896448,med,open,1
TCKT00387,ACCT0257,2024-12-06T06:12:57.896456,2024-12-09T06:12:57.896456,high,open,1
TCKT00388,ACCT0276,2025-10-06T06:12:57.896463,2025-10-12T06:12:57.896463,med,resolved,
TCKT00389,ACCT0077,2025-03-20T06:12:57.896471,2025-03-23T06:12:57.896471,low,open,5
TCKT00390,ACCT0279,2025-01-01T06:12:57.896478,2025-01-11T06:12:57.896478,low,open,3
TCKT00391,ACCT0225,2024-11-22T06:12:57.896488,2024-11-25T06:12:57.896488,low,open,3
TCKT00392,ACCT0231,2025-11-09T06:12:57.896495,2025-11-09T06:12:57.896495,high,open,4
TCKT00393,ACCT0129,2025-04-14T06:12:57.896503,2025-04-19T06:12:57.896503,low,open,3
TCKT00394,ACCT0034,2025-01-27T06:12:57.896510,2025-02-04T06:12:57.896510,high,resolved,
TCKT00395,ACCT0100,2025-07-12T06:12:57.896518,2025-07-12T06:12:57.896518,med,resolved,3
TCKT00396,ACCT0193,2025-07-09T06:12:57.896526,2025-07-11T06:12:57.896526,high,open,3
TCKT00397,ACCT0060,2025-03-18T06:12:57.896534,2025-03-21T06:12:57.896534,low,open,5
TCKT00398,ACCT0043,2024-11-01T06:12:57.896542,2024-11-09T06:12:57.896542,low,open,3
TCKT00399,ACCT0098,2024-10-22T06:12:57.896550,2024-10-25T06:12:57.896550,low,resolved,1
TCKT00400,ACCT0011,2024-10-12T06:12:57.896560,2024-10-20T06:12:57.896560,low,open,
TCKT00401,ACCT0231,2025-10-12T06:12:57.896568,2025-10-13T06:12:57.896568,med,open,3
TCKT00402,ACCT0196,2025-10-27T06:12:57.896577,2025-11-01T06:12:57.896577,high,open,5
TCKT00403,ACCT0036,2025-10-27T06:12:57.896584,2025-10-29T06:12:57.896584,low,resolved,4
TCKT00404,ACCT0237,2025-01-28T06:12:57.896592,2025-02-05T06:12:57.896592,med,open,4
TCKT00405,ACCT0247,2025-04-18T06:12:57.896599,2025-04-24T06:12:57.896599,high,resolved,1
TCKT00406,ACCT0155,2025-08-14T06:12:57.896607,2025-08-21T06:12:57.896607,high,resolved,4
TCKT00407,ACCT0037,2025-11-12T06:12:57.896615,2025-11-19T06:12:57.896615,high,open,4
TCKT00408,ACCT0071,2025-07-11T06:12:57.896622,2025-07-11T06:12:57.896622,med,open,3
TCKT00409,ACCT0269,2025-03-13T06:12:57.896630,2025-03-23T06:12:57.896630,low,resolved,1
TCKT00410,ACCT0146,2025-03-20T06:12:57.896637,2025-03-22T06:12:57.896637,low,open,5
TCKT00411,ACCT0063,2024-12-16T06:12:57.896645,2024-12-21T06:12:57.896645,high,resolved,4
TCKT00412,ACCT0047,2024-12-28T06:12:57.896653,2024-12-30T06:12:57.896653,high,resolved,2
TCKT00413,ACCT0298,2025-06-19T06:12:57.896660,2025-06-28T06:12:57.896660,low,resolved,2
TCKT00414,ACCT0037,2024-10-24T06:12:57.896668,2024-10-26T06:12:57.896668,low,open,4
TCKT00415,ACCT0229,2024-10-13T06:12:57.896676,2024-10-14T06:12:57.896676,med,open,3
TCKT00416,ACCT0295,2024-11-07T06:12:57.896683,2024-11-09T06:12:57.896683,low,open,2
TCKT00417,ACCT0280,2025-02-07T06:12:57.896691,2025-02-08T06:12:57.896691,med,resolved,2
TCKT00418,ACCT0201,2024-12-05T06:12:57.896699,2024-12-06T06:12:57.896699,med,resolved,3
TCKT00419,ACCT0282,2024-11-05T06:12:57.896706,2024-11-10T06:12:57.896706,med,resolved,2
TCKT00420,ACCT0086,2024-12-23T06:12:57.896714,2024-12-23T06:12:57.896714,med,open,3
TCKT00421,ACCT0289,2024-12-22T06:12:57.896722,2024-12-25T06:12:57.896722,med,resolved,4
TCKT00422,ACCT0110,2025-10-12T06:12:57.896730,2025-10-21T06:12:57.896730,low,resolved,2
TCKT00423,ACCT0039,2024-12-11T06:12:57.896738,2024-12-18T06:12:57.896738,low,resolved,3
TCKT00424,ACCT0113,2025-09-08T06:12:57.896746,2025-09-14T06:12:57.896746,med,open,4
TCKT00425,ACCT0081,2024-11-02T06:12:57.896754,2024-11-07T06:12:57.896754,low,open,1
TCKT00426,ACCT0252,2025-01-30T06:12:57.896761,2025-02-07T06:12:57.896761,med,resolved,5
TCKT00427,ACCT0201,2025-07-14T06:12:57.896769,2025-07-23T06:12:57.896769,high,open,5
TCKT00428,ACCT0210,2025-06-11T06:12:57.896786,2025-06-20T06:12:57.896786,med,open,2
TCKT00429,ACCT0036,2024-11-22T06:12:57.896794,2024-11-25T06:12:57.896794,med,open,1
TCKT00430,ACCT0077,2025-09-11T06:12:57.896802,2025-09-15T06:12:57.896802,low,resolved,3
TCKT00431,ACCT0155,2025-02-07T06:12:57.896810,2025-02-17T06:12:57.896810,high,resolved,
TCKT00432,ACCT0139,2025-02-05T06:12:57.896817,2025-02-13T06:12:57.896817,low,open,
TCKT00433,ACCT0231,2025-10-20T06:12:57.896825,2025-10-28T06:12:57.896825,med,open,2
TCKT00434,ACCT0112,2025-04-18T06:12:57.896832,2025-04-20T06:12:57.896832,high,open,3
TCKT00435,ACCT0066,2025-09-14T06:12:57.896840,2025-09-18T06:12:57.896840,high,open,2
TCKT00436,ACCT0261,2025-05-09T06:12:57.896848,2025-05-16T06:12:57.896848,low,resolved,3
TCKT00437,ACCT0105,2025-11-06T06:12:57.896855,2025-11-16T06:12:57.896855,med,open,
TCKT00438,ACCT0199,2025-03-06T06:12:57.896863,2025-03-08T06:12:57.896863,high,resolved,5
TCKT00439,ACCT0170,2025-03-05T06:12:57.896871,2025-03-09T06:12:57.896871,high,open,4
TCKT00440,ACCT0056,2025-09-22T06:12:57.896878,2025-10-02T06:12:57.896878,med,resolved,1
TCKT00441,ACCT0209,2025-07-28T06:12:57.896885,2025-08-07T06:12:57.896885,high,open,2
TCKT00442,ACCT0050,2025-04-25T06:12:57.896893,2025-05-01T06:12:57.896893,low,open,2
TCKT00443,ACCT0269,2025-09-01T06:12:57.896900,2025-09-02T06:12:57.896900,high,resolved,1
TCKT00444,ACCT0033,2025-05-22T06:12:57.896908,2025-05-25T06:12:57.896908,med,resolved,2
TCKT00445,ACCT0157,2025-04-15T06:12:57.896916,2025-04-22T06:12:57.896916,low,open,5
TCKT00446,ACCT0287,2024-12-13T06:12:57.896923,2024-12-21T06:12:57.896923,med,open,
TCKT00447,ACCT0014,2025-09-03T06:12:57.896931,2025-09-06T06:12:57.896931,low,open,4
TCKT00448,ACCT0067,2025-05-14T06:12:57.896939,2025-05-16T06:12:57.896939,med,resolved,
TCKT00449,ACCT0217,2025-04-12T06:12:57.896947,2025-04-18T06:12:57.896947,med,open,2
TCKT00450,ACCT0160,2025-04-15T06:12:57.896955,2025-04-24T06:12:57.896955,low,open,3
TCKT00451,ACCT0187,2025-06-28T06:12:57.896962,2025-07-01T06:12:57.896962,med,resolved,4
TCKT00452,ACCT0091,2025-05-17T06:12:57.896970,2025-05-21T06:12:57.896970,low,resolved,
TCKT00453,ACCT0200,2025-10-03T06:12:57.896978,2025-10-04T06:12:57.896978,high,resolved,4
TCKT00454,ACCT0050,2024-12-24T06:12:57.896986,2024-12-27T06:12:57.896986,low,open,3
TCKT00455,ACCT0291,2025-06-06T06:12:57.896994,2025-06-10T06:12:57.896994,med,open,
TCKT00456,ACCT0137,2024-12-13T06:12:57.897002,2024-12-18T06:12:57.897002,high,resolved,
TCKT00457,ACCT0048,2025-09-25T06:12:57.897009,2025-09-30T06:12:57.897009,high,open,3
TCKT00458,ACCT0250,2025-05-24T06:12:57.897018,2025-06-03T06:12:57.897018,high,resolved,2
TCKT00459,ACCT0149,2024-11-09T06:12:57.897026,2024-11-16T06:12:57.897026,high,open,
TCKT00460,ACCT0104,2024-12-06T06:12:57.897033,2024-12-10T06:12:57.897033,high,resolved,2
TCKT00461,ACCT0136,2025-07-21T06:12:57.897041,2025-07-27T06:12:57.897041,med,open,1
TCKT00462,ACCT0043,2024-12-07T06:12:57.897049,2024-12-13T06:12:57.897049,low,resolved,3
TCKT00463,ACCT0096,2025-01-20T06:12:57.897056,2025-01-23T06:12:57.897056,low,resolved,1
TCKT00464,ACCT0179,2025-08-01T06:12:57.897064,2025-08-02T06:12:57.897064,med,resolved,
TCKT00465,ACCT0096,2025-03-25T06:12:57.897072,2025-04-03T06:12:57.897072,low,open,5
TCKT00466,ACCT0097,2025-05-06T06:12:57.897080,2025-05-11T06:12:57.897080,med,open,2
TCKT00467,ACCT0028,2025-06-20T06:12:57.897088,2025-06-20T06:12:57.897088,high,resolved,5
TCKT00468,ACCT0165,2025-03-13T06:12:57.897095,2025-03-21T06:12:57.897095,high,open,1
TCKT00469,ACCT0164,2025-10-30T06:12:57.897103,2025-11-03T06:12:57.897103,high,resolved,1
TCKT00470,ACCT0238,2025-06-05T06:12:57.897110,2025-06-12T06:12:57.897110,med,resolved,4
TCKT00471,ACCT0135,2024-11-09T06:12:57.897118,2024-11-16T06:12:57.897118,low,open,1
TCKT00472,ACCT0204,2025-10-05T06:12:57.897126,2025-10-08T06:12:57.897126,med,resolved,5
TCKT00473,ACCT0052,2025-02-26T06:12:57.897134,2025-02-28T06:12:57.897134,low,resolved,5
TCKT00474,ACCT0030,2025-02-15T06:12:57.897141,2025-02-15T06:12:57.897141,med,open,4
TCKT00475,ACCT0291,2025-04-14T06:12:57.897149,2025-04-21T06:12:57.897149,med,open,3
TCKT00476,ACCT0284,2025-07-15T06:12:57.897156,2025-07-20T06:12:57.897156,high,open,2
TCKT00477,ACCT0175,2025-04-06T06:12:57.897164,2025-04-11T06:12:57.897164,med,resolved,5
TCKT00478,ACCT0121,2024-10-19T06:12:57.897173,2024-10-25T06:12:57.897173,med,resolved,
TCKT00479,ACCT0076,2025-02-06T06:12:57.897180,2025-02-06T06:12:57.897180,high,open,2
TCKT00480,ACCT0168,2025-02-01T06:12:57.897188,2025-02-05T06:12:57.897188,high,open,1
TCKT00481,ACCT0030,2025-11-15T06:12:57.897195,2025-11-20T06:12:57.897195,med,open,4
TCKT00482,ACCT0190,2025-01-07T06:12:57.897203,2025-01-17T06:12:57.897203,high,open,
TCKT00483,ACCT0147,2025-05-23T06:12:57.897210,2025-06-01T06:12:57.897210,med,resolved,1
TCKT00484,ACCT0073,2025-11-06T06:12:57.897219,2025-11-15T06:12:57.897219,low,resolved,5
TCKT00485,ACCT0044,2025-07-18T06:12:57.897226,2025-07-28T06:12:57.897226,med,resolved,
TCKT00486,ACCT0185,2025-01-27T06:12:57.897234,2025-01-31T06:12:57.897234,low,open,4
TCKT00487,ACCT0294,2025-06-15T06:12:57.897243,2025-06-21T06:12:57.897243,low,open,2
TCKT00488,ACCT0216,2025-09-23T06:12:57.897250,2025-10-03T06:12:57.897250,high,open,1
TCKT00489,ACCT0263,2025-01-04T06:12:57.897258,2025-01-10T06:12:57.897258,high,resolved,
TCKT00490,ACCT0052,2025-06-01T06:12:57.897267,2025-06-10T06:12:57.897267,low,resolved,1
TCKT00491,ACCT0029,2025-02-23T06:12:57.897274,2025-02-23T06:12:57.897274,low,resolved,5
TCKT00492,ACCT0087,2025-03-23T06:12:57.897282,2025-03-27T06:12:57.897282,high,open,4
TCKT00493,ACCT0144,2025-09-20T06:12:57.897290,2025-09-22T06:12:57.897290,low,open,1
TCKT00494,ACCT0296,2025-11-04T06:12:57.897297,2025-11-06T06:12:57.897297,low,open,5
TCKT00495,ACCT0150,2025-01-09T06:12:57.897305,2025-01-15T06:12:57.897305,med,open,3
TCKT00496,ACCT0227,2025-08-18T06:12:57.897313,2025-08-19T06:12:57.897313,low,open,4
TCKT00497,ACCT0179,2025-01-01T06:12:57.897320,2025-01-02T06:12:57.897320,med,open,4
TCKT00498,ACCT0048,2025-11-03T06:12:57.897333,2025-11-05T06:12:57.897333,high,resolved,1
TCKT00499,ACCT0251,2024-12-02T06:12:57.897348,2024-12-12T06:12:57.897348,low,resolved,4
TCKT00500,ACCT0079,2024-10-21T06:12:57.897370,2024-10-22T06:12:57.897370,low,resolved,1
TCKT00501,ACCT0071,2025-09-11T06:12:57.897378,2025-09-18T06:12:57.897378,med,open,5
TCKT00502,ACCT0067,2024-11-07T06:12:57.897386,2024-11-14T06:12:57.897386,med,open,1
TCKT00503,ACCT0133,2025-04-01T06:12:57.897394,2025-04-02T06:12:57.897394,low,open,1
TCKT00504,ACCT0081,2024-12-19T06:12:57.897401,2024-12-27T06:12:57.897401,med,open,2
TCKT00505,ACCT0160,2025-02-13T06:12:57.897409,2025-02-20T06:12:57.897409,med,resolved,
TCKT00506,ACCT0066,2025-01-01T06:12:57.897417,2025-01-01T06:12:57.897417,med,open,
TCKT00507,ACCT0139,2025-09-12T06:12:57.897424,2025-09-18T06:12:57.897424,low,resolved,4
TCKT00508,ACCT0054,2025-07-31T06:12:57.897432,2025-08-07T06:12:57.897432,high,resolved,3
TCKT00509,ACCT0123,2025-02-20T06:12:57.897440,2025-02-28T06:12:57.897440,high,open,2
TCKT00510,ACCT0245,2025-11-10T06:12:57.897448,2025-11-15T06:12:57.897448,low,resolved,2
TCKT00511,ACCT0251,2025-08-04T06:12:57.897456,2025-08-12T06:12:57.897456,high,open,2
TCKT00512,ACCT0259,2025-09-27T06:12:57.897464,2025-10-07T06:12:57.897464,med,resolved,5
TCKT00513,ACCT0230,2025-02-08T06:12:57.897471,2025-02-08T06:12:57.897471,low,resolved,1
TCKT00514,ACCT0240,2025-02-15T06:12:57.897479,2025-02-25T06:12:57.897479,low,resolved,2
TCKT00515,ACCT0053,2024-10-17T06:12:57.897486,2024-10-21T06:12:57.897486,high,open,1
TCKT00516,ACCT0144,2024-12-29T06:12:57.897494,2024-12-31T06:12:57.897494,low,resolved,5
TCKT00517,ACCT0051,2025-10-24T06:12:57.897502,2025-11-02T06:12:57.897502,med,resolved,1
TCKT00518,ACCT0241,2024-11-25T06:12:57.897509,2024-11-29T06:12:57.897509,high,open,5
TCKT00519,ACCT0105,2025-08-09T06:12:57.897518,2025-08-19T06:12:57.897518,med,open,4
TCKT00520,ACCT0072,2025-07-20T06:12:57.897526,2025-07-26T06:12:57.897526,high,open,5
TCKT00521,ACCT0113,2024-11-25T06:12:57.897535,2024-12-04T06:12:57.897535,low,open,5
TCKT00522,ACCT0114,2025-04-07T06:12:57.897543,2025-04-12T06:12:57.897543,high,open,
TCKT00523,ACCT0204,2025-09-22T06:12:57.897550,2025-09-25T06:12:57.897550,med,open,1
TCKT00524,ACCT0104,2025-08-10T06:12:57.897558,2025-08-19T06:12:57.897558,high,resolved,1
TCKT00525,ACCT0197,2025-07-07T06:12:57.897565,2025-07-08T06:12:57.897565,high,open,3
TCKT00526,ACCT0209,2025-07-04T06:12:57.897573,2025-07-13T06:12:57.897573,med,open,2
TCKT00527,ACCT0143,2025-05-20T06:12:57.897580,2025-05-23T06:12:57.897580,low,open,
TCKT00528,ACCT0081,2025-08-24T06:12:57.897588,2025-08-27T06:12:57.897588,med,open,
TCKT00529,ACCT0205,2025-07-14T06:12:57.897596,2025-07-23T06:12:57.897596,low,open,2
TCKT00530,ACCT0024,2025-01-13T06:12:57.897603,2025-01-21T06:12:57.897603,med,resolved,4
TCKT00531,ACCT0259,2025-01-23T06:12:57.897611,2025-01-28T06:12:57.897611,low,resolved,3
TCKT00532,ACCT0075,2025-05-05T06:12:57.897627,2025-05-09T06:12:57.897627,high,resolved,3
TCKT00533,ACCT0151,2024-12-20T06:12:57.897634,2024-12-24T06:12:57.897634,low,open,2
TCKT00534,ACCT0264,2025-05-14T06:12:57.897643,2025-05-16T06:12:57.897643,med,open,
TCKT00535,ACCT0051,2025-04-29T06:12:57.897650,2025-05-02T06:12:57.897650,low,resolved,1
TCKT00536,ACCT0025,2024-12-03T06:12:57.897658,2024-12-03T06:12:57.897658,med,resolved,1
TCKT00537,ACCT0286,2025-02-16T06:12:57.897666,2025-02-22T06:12:57.897666,high,open,1
TCKT00538,ACCT0065,2025-03-12T06:12:57.897674,2025-03-17T06:12:57.897674,high,open,2
TCKT00539,ACCT0180,2025-04-13T06:12:57.897681,2025-04-23T06:12:57.897681,low,open,3
TCKT00540,ACCT0172,2024-12-09T06:12:57.897689,2024-12-15T06:12:57.897689,high,resolved,1
TCKT00541,ACCT0293,2024-10-29T06:12:57.897696,2024-11-06T06:12:57.897696,high,open,5
TCKT00542,ACCT0124,2025-07-07T06:12:57.897704,2025-07-17T06:12:57.897704,low,resolved,1
TCKT00543,ACCT0259,2025-07-02T06:12:57.897712,2025-07-03T06:12:57.897712,high,resolved,5
TCKT00544,ACCT0218,2024-10-30T06:12:57.897721,2024-10-30T06:12:57.897721,low,resolved,3
TCKT00545,ACCT0081,2025-06-22T06:12:57.897728,2025-06-23T06:12:57.897728,low,open,2
TCKT00546,ACCT0201,2025-07-07T06:12:57.897736,2025-07-09T06:12:57.897736,med,open,2
TCKT00547,ACCT0068,2025-02-04T06:12:57.897743,2025-02-14T06:12:57.897743,med,open,
TCKT00548,ACCT0071,2024-10-24T06:12:57.897751,2024-11-01T06:12:57.897751,low,resolved,
TCKT00549,ACCT0151,2025-07-06T06:12:57.897759,2025-07-10T06:12:57.897759,med,open,3
TCKT00550,ACCT0111,2024-12-31T06:12:57.897767,2025-01-02T06:12:57.897767,low,open,1
TCKT00551,ACCT0262,2025-09-16T06:12:57.897776,2025-09-18T06:12:57.897776,med,resolved,
TCKT00552,ACCT0132,2025-03-05T06:12:57.897783,2025-03-14T06:12:57.897783,low,resolved,3
TCKT00553,ACCT0156,2025-08-19T06:12:57.897791,2025-08-22T06:12:57.897791,low,resolved,2
TCKT00554,ACCT0031,2025-05-25T06:12:57.897799,2025-05-30T06:12:57.897799,med,open,1
TCKT00555,ACCT0263,2025-03-27T06:12:57.897806,2025-04-01T06:12:57.897806,low,open,3
TCKT00556,ACCT0257,2025-10-25T06:12:57.897814,2025-10-28T06:12:57.897814,high,open,3
TCKT00557,ACCT0112,2025-01-25T06:12:57.897822,2025-01-29T06:12:57.897822,high,open,3
TCKT00558,ACCT0111,2025-04-03T06:12:57.897829,2025-04-08T06:12:57.897829,low,open,
TCKT00559,ACCT0022,2024-12-28T06:12:57.897837,2025-01-07T06:12:57.897837,low,open,
TCKT00560,ACCT0107,2025-07-21T06:12:57.897844,2025-07-25T06:12:57.897844,med,resolved,
TCKT00561,ACCT0141,2025-10-21T06:12:57.897852,2025-10-25T06:12:57.897852,high,resolved,3
TCKT00562,ACCT0047,2025-05-10T06:12:57.897860,2025-05-17T06:12:57.897860,med,resolved,3
TCKT00563,ACCT0119,2025-02-18T06:12:57.897867,2025-02-22T06:12:57.897867,low,resolved,5
TCKT00564,ACCT0048,2025-08-23T06:12:57.897874,2025-08-24T06:12:57.897874,med,open,1
TCKT00565,ACCT0135,2025-06-03T06:12:57.897882,2025-06-07T06:12:57.897882,low,resolved,1
TCKT00566,ACCT0275,2024-11-22T06:12:57.897889,2024-11-27T06:12:57.897889,high,resolved,2
TCKT00567,ACCT0059,2025-09-03T06:12:57.897897,2025-09-07T06:12:57.897897,high,open,2
TCKT00568,ACCT0026,2025-04-03T06:12:57.897905,2025-04-09T06:12:57.897905,low,open,
TCKT00569,ACCT0274,2025-06-02T06:12:57.897913,2025-06-10T06:12:57.897913,med,resolved,4
TCKT00570,ACCT0229,2025-03-05T06:12:57.897920,2025-03-06T06:12:57.897920,high,open,4
TCKT00571,ACCT0120,2025-04-11T06:12:57.897928,2025-04-15T06:12:57.897928,low,resolved,
TCKT00572,ACCT0089,2025-08-06T06:12:57.897935,2025-08-08T06:12:57.897935,low,resolved,1
TCKT00573,ACCT0092,2025-07-31T06:12:57.897943,2025-08-03T06:12:57.897943,high,open,4
TCKT00574,ACCT0027,2025-09-18T06:12:57.897952,2025-09-26T06:12:57.897952,med,open,4
TCKT00575,ACCT0199,2025-09-07T06:12:57.897959,2025-09-09T06:12:57.897959,low,resolved,3
TCKT00576,ACCT0191,2025-10-21T06:12:57.897967,2025-10-21T06:12:57.897967,med,resolved,4
TCKT00577,ACCT0069,2025-08-24T06:12:57.897975,2025-08-28T06:12:57.897975,low,open,2
TCKT00578,ACCT0148,2024-12-06T06:12:57.897982,2024-12-11T06:12:57.897982,high,open,5
TCKT00579,ACCT0297,2025-07-16T06:12:57.897990,2025-07-18T06:12:57.897990,med,resolved,1
TCKT00580,ACCT0076,2025-03-20T06:12:57.897998,2025-03-26T06:12:57.897998,low,open,4
TCKT00581,ACCT0094,2025-09-20T06:12:57.898006,2025-09-21T06:12:57.898006,med,resolved,4
TCKT00582,ACCT0222,2025-06-07T06:12:57.898013,2025-06-09T06:12:57.898013,low,resolved,2
TCKT00583,ACCT0088,2025-06-12T06:12:57.898022,2025-06-20T06:12:57.898022,high,open,3
TCKT00584,ACCT0061,2025-01-12T06:12:57.898029,2025-01-14T06:12:57.898029,low,resolved,5
TCKT00585,ACCT0086,2025-02-16T06:12:57.898037,2025-02-26T06:12:57.898037,high,resolved,2
TCKT00586,ACCT0163,2024-11-04T06:12:57.898044,2024-11-07T06:12:57.898044,low,open,3
TCKT00587,ACCT0101,2025-08-04T06:12:57.898052,2025-08-09T06:12:57.898052,low,open,2
TCKT00588,ACCT0232,2025-09-12T06:12:57.898059,2025-09-21T06:12:57.898059,med,open,5
TCKT00589,ACCT0265,2025-09-09T06:12:57.898067,2025-09-18T06:12:57.898067,med,open,5
TCKT00590,ACCT0260,2025-09-29T06:12:57.898074,2025-09-29T06:12:57.898074,low,open,4
TCKT00591,ACCT0256,2025-09-08T06:12:57.898082,2025-09-12T06:12:57.898082,high,open,4
TCKT00592,ACCT0245,2025-01-29T06:12:57.898090,2025-01-31T06:12:57.898090,low,resolved,1
TCKT00593,ACCT0022,2025-05-09T06:12:57.898097,2025-05-15T06:12:57.898097,low,open,3
TCKT00594,ACCT0077,2025-11-10T06:12:57.898106,2025-11-15T06:12:57.898106,med,open,3
TCKT00595,ACCT0146,2025-05-06T06:12:57.898113,2025-05-15T06:12:57.898113,low,open,2
TCKT00596,ACCT0062,2025-05-12T06:12:57.898121,2025-05-20T06:12:57.898121,med,resolved,
TCKT00597,ACCT0217,2025-05-23T06:12:57.898129,2025-05-26T06:12:57.898129,low,resolved,4
TCKT00598,ACCT0225,2024-11-12T06:12:57.898136,2024-11-15T06:12:57.898136,high,resolved,5
TCKT00599,ACCT0065,2025-10-21T06:12:57.898144,2025-10-28T06:12:57.898144,med,resolved,5
